ISO-10303-21;
HEADER;
FILE_DESCRIPTION (( 'STEP AP214' ),
    '1' );
FILE_NAME ('SS12LSH.STEP',
    '2023-02-27T17:58:10',
    ( '' ),
    ( '' ),
    'SwSTEP 2.0',
    'SolidWorks 2021',
    '' );
FILE_SCHEMA (( 'AUTOMOTIVE_DESIGN' ));
ENDSEC;

DATA;
#1 = CARTESIAN_POINT ( 'NONE',  ( 1.200000000000000178, 0.000000000000000000, -0.5000000000000002220 ) ) ;
#2 = LINE ( 'NONE', #1680, #1600 ) ;
#3 = VECTOR ( 'NONE', #1402, 1000.000000000000000 ) ;
#4 = ORIENTED_EDGE ( 'NONE', *, *, #1306, .T. ) ;
#5 = DIRECTION ( 'NONE',  ( 0.000000000000000000, 0.000000000000000000, -1.000000000000000000 ) ) ;
#6 =( BOUNDED_CURVE ( )  B_SPLINE_CURVE ( 3, ( #945, #261, #821, #516 ),
 .UNSPECIFIED., .F., .T. ) 
 B_SPLINE_CURVE_WITH_KNOTS ( ( 4, 4 ),
 ( 2.371273620688823858, 3.911911686490768592 ),
 .UNSPECIFIED. ) 
 CURVE ( )  GEOMETRIC_REPRESENTATION_ITEM ( )  RATIONAL_B_SPLINE_CURVE ( ( 1.000000000000000000, 0.8117923620232492254, 0.8117923620232492254, 1.000000000000000000 ) ) 
 REPRESENTATION_ITEM ( '' )  );
#7 = CARTESIAN_POINT ( 'NONE',  ( 0.2500000000000000000, 0.04999999999999991257, 0.5500000000000002665 ) ) ;
#8 = ORIENTED_EDGE ( 'NONE', *, *, #471, .F. ) ;
#9 = DIRECTION ( 'NONE',  ( 1.000000000000000000, 0.000000000000000000, -0.000000000000000000 ) ) ;
#10 = EDGE_CURVE ( 'NONE', #1065, #209, #701, .T. ) ;
#11 = DIRECTION ( 'NONE',  ( 0.000000000000000000, -0.08715574274765773566, 0.9961946980917455452 ) ) ;
#12 = AXIS2_PLACEMENT_3D ( 'NONE', #1356, #517, #1784 ) ;
#13 = ORIENTED_EDGE ( 'NONE', *, *, #1509, .T. ) ;
#14 = DIRECTION ( 'NONE',  ( 0.000000000000000000, -1.000000000000000000, 0.000000000000000000 ) ) ;
#15 = EDGE_CURVE ( 'NONE', #1498, #298, #180, .T. ) ;
#16 = DIRECTION ( 'NONE',  ( 0.000000000000000000, -1.000000000000000000, 0.000000000000000000 ) ) ;
#17 = FACE_OUTER_BOUND ( 'NONE', #397, .T. ) ;
#18 = ORIENTED_EDGE ( 'NONE', *, *, #1422, .F. ) ;
#19 = ADVANCED_FACE ( 'NONE', ( #153 ), #1700, .T. ) ;
#20 = AXIS2_PLACEMENT_3D ( 'NONE', #842, #16, #976 ) ;
#21 = DIRECTION ( 'NONE',  ( -0.000000000000000000, -0.000000000000000000, 1.000000000000000000 ) ) ;
#22 = EDGE_CURVE ( 'NONE', #669, #1078, #888, .T. ) ;
#23 = VECTOR ( 'NONE', #80, 1000.000000000000000 ) ;
#24 = ORIENTED_EDGE ( 'NONE', *, *, #642, .F. ) ;
#25 = LINE ( 'NONE', #1539, #1772 ) ;
#26 =( NAMED_UNIT ( * ) SI_UNIT ( $, .STERADIAN. ) SOLID_ANGLE_UNIT ( ) );
#27 = DIRECTION ( 'NONE',  ( 0.000000000000000000, 0.000000000000000000, -1.000000000000000000 ) ) ;
#28 = AXIS2_PLACEMENT_3D ( 'NONE', #1344, #784, #1742 ) ;
#29 = EDGE_LOOP ( 'NONE', ( #1217, #1699, #904, #1268 ) ) ;
#30 = VECTOR ( 'NONE', #1432, 1000.000000000000000 ) ;
#31 = PLANE ( 'NONE',  #258 ) ;
#32 = FACE_OUTER_BOUND ( 'NONE', #805, .T. ) ;
#33 = ORIENTED_EDGE ( 'NONE', *, *, #22, .T. ) ;
#34 = ORIENTED_EDGE ( 'NONE', *, *, #952, .T. ) ;
#35 = EDGE_CURVE ( 'NONE', #556, #202, #427, .T. ) ;
#36 = CARTESIAN_POINT ( 'NONE',  ( 1.399997865446313661, 0.1499878943444906132, 0.8507574777957036538 ) ) ;
#37 = DIRECTION ( 'NONE',  ( -1.000000000000000000, -0.000000000000000000, -0.000000000000000000 ) ) ;
#38 = ORIENTED_EDGE ( 'NONE', *, *, #1554, .F. ) ;
#39 = EDGE_CURVE ( 'NONE', #1734, #495, #25, .T. ) ;
#40 = CARTESIAN_POINT ( 'NONE',  ( -1.318171782313118934, 0.8499999999999998668, -0.8387579355318530716 ) ) ;
#41 = FACE_OUTER_BOUND ( 'NONE', #515, .T. ) ;
#42 = ORIENTED_EDGE ( 'NONE', *, *, #1330, .T. ) ;
#43 = CARTESIAN_POINT ( 'NONE',  ( -1.850000000000000533, 0.1499999999999999944, 0.5000000000000011102 ) ) ;
#44 = DIRECTION ( 'NONE',  ( 0.000000000000000000, -1.000000000000000000, 0.000000000000000000 ) ) ;
#45 = CARTESIAN_POINT ( 'NONE',  ( -1.200000000000000178, 0.04999999999999991257, 0.000000000000000000 ) ) ;
#46 = VERTEX_POINT ( 'NONE', #299 ) ;
#47 = EDGE_CURVE ( 'NONE', #1004, #628, #1671, .T. ) ;
#48 = CARTESIAN_POINT ( 'NONE',  ( -1.350190265095410291, 0.1500000000000036582, 0.9000000000000001332 ) ) ;
#49 = AXIS2_PLACEMENT_3D ( 'NONE', #1351, #666, #530 ) ;
#50 = CARTESIAN_POINT ( 'NONE',  ( -1.362148507914763051, 0.04999999999999991257, -0.8823673019291531361 ) ) ;
#51 = ORIENTED_EDGE ( 'NONE', *, *, #1120, .F. ) ;
#52 = CARTESIAN_POINT ( 'NONE',  ( -1.000000000000000222, 0.8499999999999999778, -0.8387579355318529606 ) ) ;
#53 = EDGE_CURVE ( 'NONE', #678, #1546, #160, .T. ) ;
#54 = AXIS2_PLACEMENT_3D ( 'NONE', #790, #824, #1747 ) ;
#55 = DIRECTION ( 'NONE',  ( -1.000000000000000000, 0.000000000000000000, 0.000000000000000000 ) ) ;
#56 = ORIENTED_EDGE ( 'NONE', *, *, #758, .F. ) ;
#57 = STYLED_ITEM ( 'NONE', ( #554 ), #1790 ) ;
#58 = VECTOR ( 'NONE', #1045, 1000.000000000000000 ) ;
#59 = ORIENTED_EDGE ( 'NONE', *, *, #984, .T. ) ;
#60 = CARTESIAN_POINT ( 'NONE',  ( 1.850000000000000089, 0.1499999999999999944, 0.4999999999999997780 ) ) ;
#61 = VECTOR ( 'NONE', #336, 999.9999999999998863 ) ;
#62 =( LENGTH_UNIT ( ) NAMED_UNIT ( * ) SI_UNIT ( .MILLI., .METRE. ) );
#63 = ORIENTED_EDGE ( 'NONE', *, *, #560, .T. ) ;
#64 = CARTESIAN_POINT ( 'NONE',  ( -1.200000000000000178, 0.1499999999999999944, -0.5500000000000007105 ) ) ;
#65 = DIRECTION ( 'NONE',  ( -0.000000000000000000, -1.000000000000000000, -0.000000000000000000 ) ) ;
#66 = CARTESIAN_POINT ( 'NONE',  ( -1.000000000000000222, 0.8499999999999999778, -0.8387579355318529606 ) ) ;
#67 = VERTEX_POINT ( 'NONE', #1407 ) ;
#68 = CARTESIAN_POINT ( 'NONE',  ( -1.850000000000000533, 0.1499999999999999944, 0.5000000000000011102 ) ) ;
#69 = SURFACE_STYLE_FILL_AREA ( #1568 ) ;
#70 = ORIENTED_EDGE ( 'NONE', *, *, #735, .F. ) ;
#71 = PLANE ( 'NONE',  #466 ) ;
#72 = EDGE_CURVE ( 'NONE', #981, #237, #1557, .T. ) ;
#73 = CARTESIAN_POINT ( 'NONE',  ( -1.350190265095410069, 0.1500000000000036582, -0.8999999999999999112 ) ) ;
#74 = DIRECTION ( 'NONE',  ( 0.000000000000000000, 0.000000000000000000, -1.000000000000000000 ) ) ;
#75 = ORIENTED_EDGE ( 'NONE', *, *, #998, .T. ) ;
#76 = LINE ( 'NONE', #1576, #1107 ) ;
#77 = EDGE_LOOP ( 'NONE', ( #119, #1118, #762, #596 ) ) ;
#78 = CARTESIAN_POINT ( 'NONE',  ( -1.200000000000000178, 0.000000000000000000, -0.5000000000000015543 ) ) ;
#79 = EDGE_CURVE ( 'NONE', #113, #1455, #719, .T. ) ;
#80 = DIRECTION ( 'NONE',  ( 0.000000000000000000, 0.000000000000000000, 1.000000000000000000 ) ) ;
#81 = EDGE_CURVE ( 'NONE', #1281, #1010, #1685, .T. ) ;
#82 = ORIENTED_EDGE ( 'NONE', *, *, #305, .T. ) ;
#83 = CARTESIAN_POINT ( 'NONE',  ( 0.000000000000000000, 0.1499999999999999944, 0.000000000000000000 ) ) ;
#84 = LINE ( 'NONE', #1229, #1667 ) ;
#85 = VECTOR ( 'NONE', #102, 999.9999999999998863 ) ;
#86 = CARTESIAN_POINT ( 'NONE',  ( 1.338757935531852850, 0.8499999999999999778, -0.8999999999999999112 ) ) ;
#87 = VECTOR ( 'NONE', #1764, 1000.000000000000000 ) ;
#88 = EDGE_CURVE ( 'NONE', #826, #369, #1434, .T. ) ;
#89 = ORIENTED_EDGE ( 'NONE', *, *, #269, .F. ) ;
#90 = VECTOR ( 'NONE', #55, 1000.000000000000000 ) ;
#91 = CYLINDRICAL_SURFACE ( 'NONE', #1477, 0.05000000000000005829 ) ;
#92 = CARTESIAN_POINT ( 'NONE',  ( -1.352200930650073074, 0.1581741222749513398, -0.9014413183006830810 ) ) ;
#93 = ORIENTED_EDGE ( 'NONE', *, *, #1279, .F. ) ;
#94 = FACE_OUTER_BOUND ( 'NONE', #1116, .T. ) ;
#95 = CLOSED_SHELL ( 'NONE', ( #1566, #648, #1569, #1208, #1370, #612, #743, #1572, #891, #1757, #184, #1475, #973, #19, #217, #1392, #933, #342, #361, #1219, #624, #445, #1026, #115, #1216, #1788, #1797, #527, #494, #1781, #827, #886, #1655, #1435, #264, #377 ) ) ;
#96 = CARTESIAN_POINT ( 'NONE',  ( -1.399781452183300301, 0.1487605537404360634, 0.8795626581689101053 ) ) ;
#97 = LINE ( 'NONE', #1068, #1676 ) ;
#98 = EDGE_CURVE ( 'NONE', #1010, #1517, #1005, .T. ) ;
#99 = ORIENTED_EDGE ( 'NONE', *, *, #1754, .F. ) ;
#100 = EDGE_CURVE ( 'NONE', #1642, #1589, #597, .T. ) ;
#101 = CARTESIAN_POINT ( 'NONE',  ( -1.200000000000000178, 0.1499999999999999944, -0.5000000000000015543 ) ) ;
#102 = DIRECTION ( 'NONE',  ( -0.1736481776669274446, 0.9848077530122086864, -0.000000000000000000 ) ) ;
#103 = DIRECTION ( 'NONE',  ( -0.000000000000000000, 1.000000000000000000, 0.000000000000000000 ) ) ;
#104 = CARTESIAN_POINT ( 'NONE',  ( 1.399999999999999689, 0.1500000000000036582, 0.4999999999999997780 ) ) ;
#105 = ORIENTED_EDGE ( 'NONE', *, *, #403, .T. ) ;
#106 = CARTESIAN_POINT ( 'NONE',  ( -1.000000000000000222, 0.7999999999999999334, 0.9000000000000001332 ) ) ;
#107 = EDGE_CURVE ( 'NONE', #994, #1709, #1663, .T. ) ;
#108 = FACE_OUTER_BOUND ( 'NONE', #1604, .T. ) ;
#109 = PLANE ( 'NONE',  #1801 ) ;
#110 = VECTOR ( 'NONE', #1627, 1000.000000000000000 ) ;
#111 = CARTESIAN_POINT ( 'NONE',  ( -1.350190265095410291, 0.1500000000000036582, 0.9000000000000001332 ) ) ;
#112 = PRODUCT_RELATED_PRODUCT_CATEGORY ( 'part', '', ( #864 ) ) ;
#113 = VERTEX_POINT ( 'NONE', #482 ) ;
#114 = PLANE ( 'NONE',  #266 ) ;
#115 = ADVANCED_FACE ( 'NONE', ( #1312 ), #1186, .T. ) ;
#116 = DIRECTION ( 'NONE',  ( 1.000000000000000000, 0.000000000000000000, 0.000000000000000000 ) ) ;
#117 = CARTESIAN_POINT ( 'NONE',  ( -1.850000000000000533, 0.1499999999999999944, -0.5000000000000015543 ) ) ;
#118 = MECHANICAL_DESIGN_GEOMETRIC_PRESENTATION_REPRESENTATION (  '', ( #1452 ), #1231 ) ;
#119 = ORIENTED_EDGE ( 'NONE', *, *, #1711, .T. ) ;
#120 = LINE ( 'NONE', #1223, #909 ) ;
#121 = ORIENTED_EDGE ( 'NONE', *, *, #833, .T. ) ;
#122 = CARTESIAN_POINT ( 'NONE',  ( 0.000000000000000000, 0.04999999999999991257, -0.8823673019291530251 ) ) ;
#123 = CARTESIAN_POINT ( 'NONE',  ( 1.399999999999999689, 0.1500000000000036582, 0.9000000000000001332 ) ) ;
#124 = ORIENTED_EDGE ( 'NONE', *, *, #1422, .T. ) ;
#125 = EDGE_CURVE ( 'NONE', #298, #453, #908, .T. ) ;
#126 = CARTESIAN_POINT ( 'NONE',  ( 0.2500000000000000000, 0.1499999999999999944, -0.5500000000000007105 ) ) ;
#127 = ORIENTED_EDGE ( 'NONE', *, *, #1440, .F. ) ;
#128 = LINE ( 'NONE', #104, #942 ) ;
#129 = DIRECTION ( 'NONE',  ( 0.000000000000000000, 0.000000000000000000, -1.000000000000000000 ) ) ;
#130 = ORIENTED_EDGE ( 'NONE', *, *, #162, .F. ) ;
#131 = LINE ( 'NONE', #106, #1086 ) ;
#132 = ADVANCED_FACE ( 'NONE', ( #1720 ), #71, .F. ) ;
#133 = LINE ( 'NONE', #255, #582 ) ;
#134 = ORIENTED_EDGE ( 'NONE', *, *, #1251, .T. ) ;
#135 = CARTESIAN_POINT ( 'NONE',  ( -1.279231003944087064, 0.9567102791875773393, 0.7792310039440867309 ) ) ;
#136 =( BOUNDED_CURVE ( )  B_SPLINE_CURVE ( 3, ( #1126, #1664, #430, #1532 ),
 .UNSPECIFIED., .F., .T. ) 
 B_SPLINE_CURVE_WITH_KNOTS ( ( 4, 4 ),
 ( 2.359992588465626540, 3.923192718713961913 ),
 .UNSPECIFIED. ) 
 CURVE ( )  GEOMETRIC_REPRESENTATION_ITEM ( )  RATIONAL_B_SPLINE_CURVE ( ( 1.000000000000000000, 0.8065248903853478035, 0.8065248903853478035, 1.000000000000000000 ) ) 
 REPRESENTATION_ITEM ( '' )  );
#137 = EDGE_CURVE ( 'NONE', #1326, #453, #1056, .T. ) ;
#138 = ORIENTED_EDGE ( 'NONE', *, *, #938, .T. ) ;
#139 = CARTESIAN_POINT ( 'NONE',  ( -1.379562658168909994, 0.1487605537404364520, -0.8997814521833000789 ) ) ;
#140 = VECTOR ( 'NONE', #467, 1000.000000000000000 ) ;
#141 =( NAMED_UNIT ( * ) SI_UNIT ( $, .STERADIAN. ) SOLID_ANGLE_UNIT ( ) );
#142 = VERTEX_POINT ( 'NONE', #64 ) ;
#143 = AXIS2_PLACEMENT_3D ( 'NONE', #877, #1294, #161 ) ;
#144 =( NAMED_UNIT ( * ) SI_UNIT ( $, .STERADIAN. ) SOLID_ANGLE_UNIT ( ) );
#145 = AXIS2_PLACEMENT_3D ( 'NONE', #1537, #1257, #1405 ) ;
#146 = EDGE_CURVE ( 'NONE', #603, #1773, #219, .T. ) ;
#147 = CLOSED_SHELL ( 'NONE', ( #769, #1400, #1669, #132, #1334, #720, #1210, #717, #1075, #1769 ) ) ;
#148 =( BOUNDED_CURVE ( )  B_SPLINE_CURVE ( 3, ( #1288, #1562, #601, #1724 ),
 .UNSPECIFIED., .F., .T. ) 
 B_SPLINE_CURVE_WITH_KNOTS ( ( 4, 4 ),
 ( 2.371273620688822081, 3.911911686490762374 ),
 .UNSPECIFIED. ) 
 CURVE ( )  GEOMETRIC_REPRESENTATION_ITEM ( )  RATIONAL_B_SPLINE_CURVE ( ( 1.000000000000000000, 0.8117923620232501136, 0.8117923620232501136, 1.000000000000000000 ) ) 
 REPRESENTATION_ITEM ( '' )  );
#149 = VERTEX_POINT ( 'NONE', #1590 ) ;
#150 = CARTESIAN_POINT ( 'NONE',  ( 1.379562658168909328, 0.1487605537404348144, 0.8997814521833005230 ) ) ;
#151 = PLANE ( 'NONE',  #911 ) ;
#152 = VERTEX_POINT ( 'NONE', #512 ) ;
#153 = FACE_OUTER_BOUND ( 'NONE', #815, .T. ) ;
#154 = FACE_OUTER_BOUND ( 'NONE', #1225, .T. ) ;
#155 = CARTESIAN_POINT ( 'NONE',  ( 0.2500000000000000000, 0.000000000000000000, 0.5500000000000002665 ) ) ;
#156 = ORIENTED_EDGE ( 'NONE', *, *, #1778, .F. ) ;
#157 = CARTESIAN_POINT ( 'NONE',  ( -1.150000000000000133, 0.7999999999999999334, -0.8431323687081491158 ) ) ;
#158 = CARTESIAN_POINT ( 'NONE',  ( -1.850000000000000533, 0.1499999999999999944, 0.5000000000000011102 ) ) ;
#159 = ORIENTED_EDGE ( 'NONE', *, *, #1593, .T. ) ;
#160 = LINE ( 'NONE', #996, #1029 ) ;
#161 = DIRECTION ( 'NONE',  ( 0.000000000000000000, -0.1736481776669273891, 0.9848077530122085754 ) ) ;
#162 = EDGE_CURVE ( 'NONE', #272, #932, #929, .T. ) ;
#163 = DIRECTION ( 'NONE',  ( 0.000000000000000000, 0.000000000000000000, 1.000000000000000000 ) ) ;
#164 = ORIENTED_EDGE ( 'NONE', *, *, #100, .T. ) ;
#165 = FACE_OUTER_BOUND ( 'NONE', #1403, .T. ) ;
#166 = DIRECTION ( 'NONE',  ( 0.000000000000000000, -0.9961946980917455452, -0.08715574274765773566 ) ) ;
#167 = EDGE_CURVE ( 'NONE', #402, #1525, #1710, .T. ) ;
#168 = VERTEX_POINT ( 'NONE', #1599 ) ;
#169 = DIRECTION ( 'NONE',  ( -0.000000000000000000, -1.000000000000000000, -0.000000000000000000 ) ) ;
#170 = UNCERTAINTY_MEASURE_WITH_UNIT (LENGTH_MEASURE( 1.000000000000000082E-05 ), #62, 'distance_accuracy_value', 'NONE');
#171 = CARTESIAN_POINT ( 'NONE',  ( -1.350757477795703654, 0.1499878943444899193, -0.8999978654463136607 ) ) ;
#172 = DIRECTION ( 'NONE',  ( 0.000000000000000000, 0.000000000000000000, 1.000000000000000000 ) ) ;
#173 = ORIENTED_EDGE ( 'NONE', *, *, #1529, .F. ) ;
#174 = VECTOR ( 'NONE', #1766, 1000.000000000000000 ) ;
#175 = CARTESIAN_POINT ( 'NONE',  ( -1.399781452183300301, 0.1487605537404364520, -0.8795626581689095502 ) ) ;
#176 = EDGE_LOOP ( 'NONE', ( #685, #1012, #584, #953 ) ) ;
#177 = PLANE ( 'NONE',  #1303 ) ;
#178 = EDGE_CURVE ( 'NONE', #423, #593, #1378, .T. ) ;
#179 = ORIENTED_EDGE ( 'NONE', *, *, #162, .T. ) ;
#180 = LINE ( 'NONE', #307, #1802 ) ;
#181 = SURFACE_STYLE_USAGE ( .BOTH. , #1691 ) ;
#182 = CARTESIAN_POINT ( 'NONE',  ( -1.399997865446314105, 0.1499878943444906132, 0.8507574777957036538 ) ) ;
#183 = DIRECTION ( 'NONE',  ( 0.000000000000000000, 0.000000000000000000, -1.000000000000000000 ) ) ;
#184 = ADVANCED_FACE ( 'NONE', ( #1302 ), #1467, .T. ) ;
#185 = ORIENTED_EDGE ( 'NONE', *, *, #371, .T. ) ;
#186 = DIRECTION ( 'NONE',  ( 0.000000000000000000, -0.9961946980917457672, 0.08715574274765558460 ) ) ;
#187 = EDGE_CURVE ( 'NONE', #1180, #1609, #1460, .T. ) ;
#188 = ORIENTED_EDGE ( 'NONE', *, *, #366, .F. ) ;
#189 = FACE_OUTER_BOUND ( 'NONE', #1466, .T. ) ;
#190 = EDGE_LOOP ( 'NONE', ( #1123, #749, #689, #786 ) ) ;
#191 = CARTESIAN_POINT ( 'NONE',  ( 0.2500000000000000000, 0.1499999999999999944, 0.5500000000000002665 ) ) ;
#192 = DIRECTION ( 'NONE',  ( -0.000000000000000000, 0.000000000000000000, 1.000000000000000000 ) ) ;
#193 = ORIENTED_EDGE ( 'NONE', *, *, #547, .T. ) ;
#194 = LINE ( 'NONE', #1705, #140 ) ;
#195 = CARTESIAN_POINT ( 'NONE',  ( -1.150000000000000133, 0.8499999999999999778, 0.8387579355318531826 ) ) ;
#196 = EDGE_LOOP ( 'NONE', ( #431, #971, #38, #741, #650, #138 ) ) ;
#197 = CARTESIAN_POINT ( 'NONE',  ( 1.350568068955103840, 0.1499959647386974182, 0.8999992884745576793 ) ) ;
#198 = AXIS2_PLACEMENT_3D ( 'NONE', #598, #192, #745 ) ;
#199 = CARTESIAN_POINT ( 'NONE',  ( 0.000000000000000000, 0.8499999999999999778, 0.8387579355318531826 ) ) ;
#200 = LINE ( 'NONE', #607, #1367 ) ;
#201 = EDGE_CURVE ( 'NONE', #808, #46, #830, .T. ) ;
#202 = VERTEX_POINT ( 'NONE', #774 ) ;
#203 = PRESENTATION_LAYER_ASSIGNMENT (  '', '', ( #57 ) ) ;
#204 = AXIS2_PLACEMENT_3D ( 'NONE', #1001, #860, #9 ) ;
#205 = ORIENTED_EDGE ( 'NONE', *, *, #297, .F. ) ;
#206 = CARTESIAN_POINT ( 'NONE',  ( -1.283000432645120092, 0.9136255119832362714, -0.7830004326451197594 ) ) ;
#207 = VECTOR ( 'NONE', #1265, 1000.000000000000000 ) ;
#208 = LINE ( 'NONE', #1023, #1335 ) ;
#209 = VERTEX_POINT ( 'NONE', #1322 ) ;
#210 = CARTESIAN_POINT ( 'NONE',  ( 1.399781452183299635, 0.1487605537404349532, -0.8795626581689097723 ) ) ;
#211 = CARTESIAN_POINT ( 'NONE',  ( -1.350568068955104506, 0.1499959647386976402, -0.8999992884745575683 ) ) ;
#212 = DIRECTION ( 'NONE',  ( 0.000000000000000000, 0.000000000000000000, -1.000000000000000000 ) ) ;
#213 = EDGE_LOOP ( 'NONE', ( #641, #1017, #1406, #188 ) ) ;
#214 = CARTESIAN_POINT ( 'NONE',  ( -1.200000000000000178, 0.000000000000000000, 0.5000000000000011102 ) ) ;
#215 = EDGE_LOOP ( 'NONE', ( #1398, #332, #1292, #501 ) ) ;
#216 = LINE ( 'NONE', #1339, #58 ) ;
#217 = ADVANCED_FACE ( 'NONE', ( #792 ), #1074, .T. ) ;
#218 = CARTESIAN_POINT ( 'NONE',  ( 1.399999999999999689, 0.1500000000000037137, -0.5000000000000001110 ) ) ;
#219 = LINE ( 'NONE', #617, #529 ) ;
#220 = CARTESIAN_POINT ( 'NONE',  ( -1.379562658168909994, 0.1487605537404360356, 0.8997814521833001900 ) ) ;
#221 = PLANE ( 'NONE',  #28 ) ;
#222 = ORIENTED_EDGE ( 'NONE', *, *, #715, .F. ) ;
#223 = ORIENTED_EDGE ( 'NONE', *, *, #1519, .T. ) ;
#224 = CARTESIAN_POINT ( 'NONE',  ( 1.399999999999999689, 0.1500000000000036582, -0.8501902650954099583 ) ) ;
#225 = FACE_OUTER_BOUND ( 'NONE', #1656, .T. ) ;
#226 = ORIENTED_EDGE ( 'NONE', *, *, #998, .F. ) ;
#227 = ADVANCED_FACE ( 'NONE', ( #94 ), #1342, .F. ) ;
#228 = VECTOR ( 'NONE', #308, 1000.000000000000000 ) ;
#229 = CARTESIAN_POINT ( 'NONE',  ( -1.350757477795703654, 0.1499878943444898360, 0.8999978654463137717 ) ) ;
#230 = CARTESIAN_POINT ( 'NONE',  ( 1.338757935531852850, 0.8499999999999999778, 0.7889482006272657832 ) ) ;
#231 = EDGE_CURVE ( 'NONE', #1338, #1543, #1748, .T. ) ;
#232 = ORIENTED_EDGE ( 'NONE', *, *, #319, .F. ) ;
#233 = VECTOR ( 'NONE', #1487, 999.9999999999998863 ) ;
#234 = FACE_OUTER_BOUND ( 'NONE', #280, .T. ) ;
#235 = VECTOR ( 'NONE', #1355, 1000.000000000000000 ) ;
#236 = CARTESIAN_POINT ( 'NONE',  ( -1.400000000000000133, 0.1500000000000036582, -0.5000000000000014433 ) ) ;
#237 = VERTEX_POINT ( 'NONE', #117 ) ;
#238 = CARTESIAN_POINT ( 'NONE',  ( 0.2500000000000000000, 0.04999999999999991257, 0.000000000000000000 ) ) ;
#239 = VECTOR ( 'NONE', #169, 1000.000000000000000 ) ;
#240 = DIRECTION ( 'NONE',  ( 0.000000000000000000, -0.000000000000000000, 1.000000000000000000 ) ) ;
#241 = FACE_OUTER_BOUND ( 'NONE', #897, .T. ) ;
#242 = EDGE_CURVE ( 'NONE', #506, #808, #1206, .T. ) ;
#243 = EDGE_CURVE ( 'NONE', #1709, #1489, #658, .T. ) ;
#244 = ORIENTED_EDGE ( 'NONE', *, *, #178, .F. ) ;
#245 = LINE ( 'NONE', #122, #235 ) ;
#246 = LINE ( 'NONE', #680, #1181 ) ;
#247 = ORIENTED_EDGE ( 'NONE', *, *, #851, .F. ) ;
#248 = CARTESIAN_POINT ( 'NONE',  ( -1.279231003944086620, 0.9610680663249600020, -0.8290407388486737972 ) ) ;
#249 = EDGE_CURVE ( 'NONE', #979, #1723, #1258, .T. ) ;
#250 = CARTESIAN_POINT ( 'NONE',  ( -1.850000000000000533, 0.1499999999999999944, -0.5000000000000015543 ) ) ;
#251 = CARTESIAN_POINT ( 'NONE',  ( 1.283000432645119648, 0.9136255119832362714, -0.7830004326451197594 ) ) ;
#252 = VERTEX_POINT ( 'NONE', #1485 ) ;
#253 = CARTESIAN_POINT ( 'NONE',  ( -1.200000000000000178, 0.1499999999999999944, 0.5500000000000002665 ) ) ;
#254 = DIRECTION ( 'NONE',  ( -1.000000000000000000, 0.000000000000000000, -0.000000000000000000 ) ) ;
#255 = CARTESIAN_POINT ( 'NONE',  ( 1.200000000000000178, 0.1499999999999999944, 0.4999999999999997780 ) ) ;
#256 = ORIENTED_EDGE ( 'NONE', *, *, #1353, .F. ) ;
#257 = FACE_OUTER_BOUND ( 'NONE', #1447, .T. ) ;
#258 = AXIS2_PLACEMENT_3D ( 'NONE', #311, #1660, #585 ) ;
#259 = EDGE_CURVE ( 'NONE', #495, #1065, #133, .T. ) ;
#260 = ORIENTED_EDGE ( 'NONE', *, *, #1651, .T. ) ;
#261 = CARTESIAN_POINT ( 'NONE',  ( 1.382367301929152692, 0.04999999999999991257, 0.8621485079147632735 ) ) ;
#262 = DIRECTION ( 'NONE',  ( 0.000000000000000000, 0.000000000000000000, -1.000000000000000000 ) ) ;
#263 = CARTESIAN_POINT ( 'NONE',  ( -1.200000000000000178, 0.1499999999999999944, 0.5500000000000002665 ) ) ;
#264 = ADVANCED_FACE ( 'NONE', ( #1796 ), #1221, .F. ) ;
#265 = STYLED_ITEM ( 'NONE', ( #1124 ), #1350 ) ;
#266 = AXIS2_PLACEMENT_3D ( 'NONE', #1783, #671, #399 ) ;
#267 = CARTESIAN_POINT ( 'NONE',  ( 1.288948200627265672, 0.8499999999999999778, 0.8387579355318531826 ) ) ;
#268 = CARTESIAN_POINT ( 'NONE',  ( 1.399999999999999689, 0.1500000000000036582, 0.9000000000000001332 ) ) ;
#269 = EDGE_CURVE ( 'NONE', #289, #974, #392, .T. ) ;
#270 = EDGE_LOOP ( 'NONE', ( #1273, #553, #797, #1261, #1484 ) ) ;
#271 = FACE_OUTER_BOUND ( 'NONE', #1383, .T. ) ;
#272 = VERTEX_POINT ( 'NONE', #1099 ) ;
#273 = PRESENTATION_STYLE_ASSIGNMENT (( #1511 ) ) ;
#274 = EDGE_CURVE ( 'NONE', #1543, #974, #962, .T. ) ;
#275 = EDGE_LOOP ( 'NONE', ( #1471, #1421, #256, #859 ) ) ;
#276 = ORIENTED_EDGE ( 'NONE', *, *, #695, .T. ) ;
#277 = DIRECTION ( 'NONE',  ( 0.000000000000000000, -0.08715574274765390539, 0.9961946980917458783 ) ) ;
#278 = ORIENTED_EDGE ( 'NONE', *, *, #319, .T. ) ;
#279 = LINE ( 'NONE', #296, #1768 ) ;
#280 = EDGE_LOOP ( 'NONE', ( #63, #575, #718, #1779 ) ) ;
#281 = VERTEX_POINT ( 'NONE', #552 ) ;
#282 = PRODUCT_CONTEXT ( 'NONE', #567, 'mechanical' ) ;
#283 = CARTESIAN_POINT ( 'NONE',  ( 1.850000000000000089, 0.000000000000000000, 0.4999999999999997780 ) ) ;
#284 =( GEOMETRIC_REPRESENTATION_CONTEXT ( 3 ) GLOBAL_UNCERTAINTY_ASSIGNED_CONTEXT ( ( #170 ) ) GLOBAL_UNIT_ASSIGNED_CONTEXT ( ( #62, #1152, #622 ) ) REPRESENTATION_CONTEXT ( 'NONE', 'WORKASPACE' ) );
#285 = ORIENTED_EDGE ( 'NONE', *, *, #437, .T. ) ;
#286 = CARTESIAN_POINT ( 'NONE',  ( 1.350757477795702766, 0.1499878943444899193, 0.8999978654463137717 ) ) ;
#287 = AXIS2_PLACEMENT_3D ( 'NONE', #326, #1062, #883 ) ;
#288 = LINE ( 'NONE', #855, #876 ) ;
#289 = VERTEX_POINT ( 'NONE', #1474 ) ;
#290 = CARTESIAN_POINT ( 'NONE',  ( -1.200000000000000178, 0.1499999999999999944, -0.5500000000000007105 ) ) ;
#291 =( GEOMETRIC_REPRESENTATION_CONTEXT ( 3 ) GLOBAL_UNCERTAINTY_ASSIGNED_CONTEXT ( ( #1283 ) ) GLOBAL_UNIT_ASSIGNED_CONTEXT ( ( #1028, #987, #1282 ) ) REPRESENTATION_CONTEXT ( 'NONE', 'WORKASPACE' ) );
#292 = VECTOR ( 'NONE', #1464, 999.9999999999998863 ) ;
#293 = CARTESIAN_POINT ( 'NONE',  ( 1.850000000000000089, 0.1499999999999999944, -0.5000000000000000000 ) ) ;
#294 = VECTOR ( 'NONE', #1013, 999.9999999999998863 ) ;
#295 = VERTEX_POINT ( 'NONE', #1349 ) ;
#296 = CARTESIAN_POINT ( 'NONE',  ( -1.279231003944086842, 0.9610680663249600020, 0.8290407388486740192 ) ) ;
#297 = EDGE_CURVE ( 'NONE', #1280, #834, #800, .T. ) ;
#298 = VERTEX_POINT ( 'NONE', #1115 ) ;
#299 = CARTESIAN_POINT ( 'NONE',  ( 1.399997865446313439, 0.1499878943444899193, -0.8507574777957032097 ) ) ;
#300 = DIRECTION ( 'NONE',  ( 0.000000000000000000, 0.000000000000000000, -1.000000000000000000 ) ) ;
#301 = EDGE_CURVE ( 'NONE', #209, #1522, #809, .T. ) ;
#302 = ORIENTED_EDGE ( 'NONE', *, *, #788, .T. ) ;
#303 = CARTESIAN_POINT ( 'NONE',  ( -1.362148507914763051, 0.04999999999999991257, 0.8823673019291534692 ) ) ;
#304 = LINE ( 'NONE', #568, #823 ) ;
#305 = EDGE_CURVE ( 'NONE', #295, #840, #401, .T. ) ;
#306 = ORIENTED_EDGE ( 'NONE', *, *, #1514, .T. ) ;
#307 = CARTESIAN_POINT ( 'NONE',  ( -1.150000000000000133, 0.8499999999999999778, 0.9000000000000001332 ) ) ;
#308 = DIRECTION ( 'NONE',  ( 1.000000000000000000, 0.000000000000000000, -0.000000000000000000 ) ) ;
#309 = DIRECTION ( 'NONE',  ( -1.000000000000000000, 0.000000000000000000, 0.000000000000000000 ) ) ;
#310 = ORIENTED_EDGE ( 'NONE', *, *, #39, .T. ) ;
#311 = CARTESIAN_POINT ( 'NONE',  ( 1.200000000000000178, 0.1499999999999999944, 0.4999999999999997780 ) ) ;
#312 = COLOUR_RGB ( '',0.2509803921568627416, 0.2509803921568627416, 0.2509803921568627416 ) ;
#313 = EDGE_CURVE ( 'NONE', #1773, #826, #1785, .T. ) ;
#314 = VECTOR ( 'NONE', #1018, 1000.000000000000000 ) ;
#315 = CARTESIAN_POINT ( 'NONE',  ( 1.382367301929152914, 0.04999999999999991257, -0.000000000000000000 ) ) ;
#316 = DIRECTION ( 'NONE',  ( 1.000000000000000000, 0.000000000000000000, -0.000000000000000000 ) ) ;
#317 = ORIENTED_EDGE ( 'NONE', *, *, #178, .T. ) ;
#318 = ORIENTED_EDGE ( 'NONE', *, *, #636, .F. ) ;
#319 = EDGE_CURVE ( 'NONE', #237, #113, #1106, .T. ) ;
#320 = DIRECTION ( 'NONE',  ( 0.000000000000000000, 0.000000000000000000, 1.000000000000000000 ) ) ;
#321 = MECHANICAL_DESIGN_GEOMETRIC_PRESENTATION_REPRESENTATION (  '', ( #57 ), #1596 ) ;
#322 = DIRECTION ( 'NONE',  ( 0.1710878697460327391, 0.9702875252478150303, 0.1710878697460327669 ) ) ;
#323 = DIRECTION ( 'NONE',  ( 1.000000000000000000, -0.000000000000000000, 0.000000000000000000 ) ) ;
#324 = AXIS2_PLACEMENT_3D ( 'NONE', #686, #508, #798 ) ;
#325 = ORIENTED_EDGE ( 'NONE', *, *, #1049, .T. ) ;
#326 = CARTESIAN_POINT ( 'NONE',  ( 1.352200930650072630, 0.1668565311582977106, 0.8522009306500730741 ) ) ;
#327 = CARTESIAN_POINT ( 'NONE',  ( 1.399997865446313439, 0.1499878943444899193, -0.8507574777957032097 ) ) ;
#328 = ORIENTED_EDGE ( 'NONE', *, *, #1793, .T. ) ;
#329 = DIRECTION ( 'NONE',  ( -0.000000000000000000, -0.000000000000000000, 1.000000000000000000 ) ) ;
#330 = LINE ( 'NONE', #1732, #228 ) ;
#331 = CARTESIAN_POINT ( 'NONE',  ( -1.399999999999997913, 0.1499999999999999944, -0.5000000000000015543 ) ) ;
#332 = ORIENTED_EDGE ( 'NONE', *, *, #1640, .T. ) ;
#333 = DIRECTION ( 'NONE',  ( -1.000000000000000000, 0.000000000000000000, 0.000000000000000000 ) ) ;
#334 = CARTESIAN_POINT ( 'NONE',  ( 1.399999999999999689, 0.1500000000000036582, -0.8501902650954099583 ) ) ;
#335 = ORIENTED_EDGE ( 'NONE', *, *, #1397, .T. ) ;
#336 = DIRECTION ( 'NONE',  ( 0.000000000000000000, -0.9961946980917458783, 0.08715574274765489071 ) ) ;
#337 =( NAMED_UNIT ( * ) PLANE_ANGLE_UNIT ( ) SI_UNIT ( $, .RADIAN. ) );
#338 = CARTESIAN_POINT ( 'NONE',  ( -1.150000000000000133, 0.7999999999999999334, 0.8431323687081492269 ) ) ;
#339 = MANIFOLD_SOLID_BREP ( 'Boss-Extrude2[1]', #611 ) ;
#340 = ORIENTED_EDGE ( 'NONE', *, *, #1644, .F. ) ;
#341 = DIRECTION ( 'NONE',  ( -1.000000000000000000, 0.000000000000000000, 0.000000000000000000 ) ) ;
#342 = ADVANCED_FACE ( 'NONE', ( #1697 ), #109, .T. ) ;
#343 = VECTOR ( 'NONE', #357, 1000.000000000000000 ) ;
#344 = LINE ( 'NONE', #771, #1563 ) ;
#345 = PRESENTATION_STYLE_ASSIGNMENT (( #1046 ) ) ;
#346 = ORIENTED_EDGE ( 'NONE', *, *, #243, .F. ) ;
#347 = DIRECTION ( 'NONE',  ( 0.000000000000000000, 0.000000000000000000, 1.000000000000000000 ) ) ;
#348 = CARTESIAN_POINT ( 'NONE',  ( 1.200000000000000178, 0.1499999999999999944, -0.5000000000000002220 ) ) ;
#349 = CARTESIAN_POINT ( 'NONE',  ( 1.279231003944086620, 0.9567102791875773393, 0.7792310039440867309 ) ) ;
#350 = ORIENTED_EDGE ( 'NONE', *, *, #559, .T. ) ;
#351 = AXIS2_PLACEMENT_3D ( 'NONE', #1215, #920, #794 ) ;
#352 = AXIS2_PLACEMENT_3D ( 'NONE', #1450, #488, #1457 ) ;
#353 = FACE_OUTER_BOUND ( 'NONE', #477, .T. ) ;
#354 = DIRECTION ( 'NONE',  ( 0.000000000000000000, -0.000000000000000000, 1.000000000000000000 ) ) ;
#355 = ORIENTED_EDGE ( 'NONE', *, *, #555, .T. ) ;
#356 = CARTESIAN_POINT ( 'NONE',  ( 1.350190265095409847, 0.1500000000000036582, 0.9000000000000001332 ) ) ;
#357 = DIRECTION ( 'NONE',  ( 1.000000000000000000, 0.000000000000000000, 0.000000000000000000 ) ) ;
#358 = DIRECTION ( 'NONE',  ( -0.9848077530122086864, 0.1736481776669274446, 0.000000000000000000 ) ) ;
#359 = ORIENTED_EDGE ( 'NONE', *, *, #125, .F. ) ;
#360 = PLANE ( 'NONE',  #936 ) ;
#361 = ADVANCED_FACE ( 'NONE', ( #697 ), #1136, .T. ) ;
#362 = CARTESIAN_POINT ( 'NONE',  ( -1.350378996049867553, 0.1499999999999928613, 0.8999999999999981348 ) ) ;
#363 = PLANE ( 'NONE',  #1408 ) ;
#364 = ORIENTED_EDGE ( 'NONE', *, *, #429, .T. ) ;
#365 = CARTESIAN_POINT ( 'NONE',  ( 1.350757477795702766, 0.1499878943444899193, 0.8999978654463137717 ) ) ;
#366 = EDGE_CURVE ( 'NONE', #1387, #1773, #2, .T. ) ;
#367 = CARTESIAN_POINT ( 'NONE',  ( -1.000000000000000222, 0.8499999999999999778, 0.9000000000000001332 ) ) ;
#368 = DIRECTION ( 'NONE',  ( 0.000000000000000000, 0.000000000000000000, -1.000000000000000000 ) ) ;
#369 = VERTEX_POINT ( 'NONE', #708 ) ;
#370 = CARTESIAN_POINT ( 'NONE',  ( -1.400000000000000133, 0.1500000000000036582, 0.9000000000000001332 ) ) ;
#371 = EDGE_CURVE ( 'NONE', #838, #913, #1121, .T. ) ;
#372 = DIRECTION ( 'NONE',  ( -1.000000000000000000, 0.000000000000000000, -0.000000000000000000 ) ) ;
#373 = DIRECTION ( 'NONE',  ( 0.000000000000000000, -1.000000000000000000, 0.000000000000000000 ) ) ;
#374 = EDGE_CURVE ( 'NONE', #1738, #419, #1270, .T. ) ;
#375 = CARTESIAN_POINT ( 'NONE',  ( 1.200000000000000178, 0.1499999999999999944, 0.4999999999999997780 ) ) ;
#376 = CARTESIAN_POINT ( 'NONE',  ( -1.200000000000000178, 0.000000000000000000, -0.5000000000000015543 ) ) ;
#377 = ADVANCED_FACE ( 'NONE', ( #32 ), #1555, .F. ) ;
#378 = ORIENTED_EDGE ( 'NONE', *, *, #682, .F. ) ;
#379 = AXIS2_PLACEMENT_3D ( 'NONE', #476, #212, #1324 ) ;
#380 = CARTESIAN_POINT ( 'NONE',  ( 1.200000000000000178, 0.000000000000000000, 0.4999999999999997780 ) ) ;
#381 = AXIS2_PLACEMENT_3D ( 'NONE', #424, #1246, #1404 ) ;
#382 = EDGE_CURVE ( 'NONE', #1338, #289, #1385, .T. ) ;
#383 = LINE ( 'NONE', #236, #85 ) ;
#384 = CARTESIAN_POINT ( 'NONE',  ( 1.350757477795702544, 0.1499878943444901414, -0.8999978654463136607 ) ) ;
#385 = VECTOR ( 'NONE', #459, 1000.000000000000000 ) ;
#386 = CARTESIAN_POINT ( 'NONE',  ( 0.2500000000000000000, 0.000000000000000000, -0.5500000000000007105 ) ) ;
#387 = LINE ( 'NONE', #975, #461 ) ;
#388 = ORIENTED_EDGE ( 'NONE', *, *, #1468, .F. ) ;
#389 = PLANE ( 'NONE',  #324 ) ;
#390 = CARTESIAN_POINT ( 'NONE',  ( -1.000000000000000222, 0.7999999999999999334, 0.9000000000000001332 ) ) ;
#391 = ORIENTED_EDGE ( 'NONE', *, *, #35, .T. ) ;
#392 = LINE ( 'NONE', #126, #993 ) ;
#393 = ORIENTED_EDGE ( 'NONE', *, *, #437, .F. ) ;
#394 = DIRECTION ( 'NONE',  ( -0.08682659386424433634, -0.9924325091389677445, 0.08682659386424433634 ) ) ;
#395 = EDGE_CURVE ( 'NONE', #834, #990, #1560, .T. ) ;
#396 = VECTOR ( 'NONE', #542, 999.9999999999998863 ) ;
#397 = EDGE_LOOP ( 'NONE', ( #1039, #447, #1399, #70 ) ) ;
#398 = EDGE_CURVE ( 'NONE', #974, #1387, #304, .T. ) ;
#399 = DIRECTION ( 'NONE',  ( 0.000000000000000000, -0.000000000000000000, -1.000000000000000000 ) ) ;
#400 = LINE ( 'NONE', #1616, #693 ) ;
#401 = LINE ( 'NONE', #263, #795 ) ;
#402 = VERTEX_POINT ( 'NONE', #1426 ) ;
#403 = EDGE_CURVE ( 'NONE', #1004, #981, #288, .T. ) ;
#404 = PLANE ( 'NONE',  #1022 ) ;
#405 = AXIS2_PLACEMENT_3D ( 'NONE', #955, #1097, #372 ) ;
#406 = ORIENTED_EDGE ( 'NONE', *, *, #912, .T. ) ;
#407 = EDGE_CURVE ( 'NONE', #1078, #252, #861, .T. ) ;
#408 = FACE_OUTER_BOUND ( 'NONE', #1577, .T. ) ;
#409 = SURFACE_STYLE_FILL_AREA ( #1645 ) ;
#410 = PRESENTATION_LAYER_ASSIGNMENT (  '', '', ( #1452 ) ) ;
#411 = VECTOR ( 'NONE', #368, 1000.000000000000000 ) ;
#412 = AXIS2_PLACEMENT_3D ( 'NONE', #1679, #713, #551 ) ;
#413 = ORIENTED_EDGE ( 'NONE', *, *, #382, .T. ) ;
#414 = CARTESIAN_POINT ( 'NONE',  ( 1.333126914278542241, 0.04999999999999991257, -0.8823673019291530251 ) ) ;
#415 = ORIENTED_EDGE ( 'NONE', *, *, #926, .T. ) ;
#416 = CARTESIAN_POINT ( 'NONE',  ( -1.332810167549707492, 0.9179832991206189341, -0.7830004326451195373 ) ) ;
#417 = ADVANCED_FACE ( 'NONE', ( #1396 ), #151, .F. ) ;
#418 = DIRECTION ( 'NONE',  ( -0.000000000000000000, -0.000000000000000000, 1.000000000000000000 ) ) ;
#419 = VERTEX_POINT ( 'NONE', #1129 ) ;
#420 = ORIENTED_EDGE ( 'NONE', *, *, #301, .T. ) ;
#421 = SURFACE_SIDE_STYLE ('',( #1780 ) ) ;
#422 = SURFACE_STYLE_FILL_AREA ( #563 ) ;
#423 = VERTEX_POINT ( 'NONE', #739 ) ;
#424 = CARTESIAN_POINT ( 'NONE',  ( 0.2500000000000000000, 0.1499999999999999944, -0.5500000000000007105 ) ) ;
#425 = DIRECTION ( 'NONE',  ( 0.000000000000000000, -1.000000000000000000, 0.000000000000000000 ) ) ;
#426 = EDGE_LOOP ( 'NONE', ( #1245, #1276, #1743, #1463, #579 ) ) ;
#427 = LINE ( 'NONE', #1131, #796 ) ;
#428 = DIRECTION ( 'NONE',  ( -1.000000000000000000, -0.000000000000000000, -0.000000000000000000 ) ) ;
#429 = EDGE_CURVE ( 'NONE', #838, #46, #1290, .T. ) ;
#430 = CARTESIAN_POINT ( 'NONE',  ( 1.318171782313118268, 0.8499999999999999778, -0.8387579355318529606 ) ) ;
#431 = ORIENTED_EDGE ( 'NONE', *, *, #1418, .T. ) ;
#432 = DIRECTION ( 'NONE',  ( -0.08682659386424432246, -0.9924325091389677445, 0.08682659386424433634 ) ) ;
#433 = EDGE_LOOP ( 'NONE', ( #915, #130, #378, #1145 ) ) ;
#434 = CARTESIAN_POINT ( 'NONE',  ( 1.200000000000000178, 0.1499999999999999944, 0.4999999999999997780 ) ) ;
#435 = VECTOR ( 'NONE', #1374, 1000.000000000000000 ) ;
#436 = CARTESIAN_POINT ( 'NONE',  ( -1.000000000000000222, 0.8499999999999999778, 0.8387579355318531826 ) ) ;
#437 = EDGE_CURVE ( 'NONE', #113, #149, #1299, .T. ) ;
#438 = CARTESIAN_POINT ( 'NONE',  ( 1.382367301929152914, 0.04999999999999991257, 0.8331269142785429072 ) ) ;
#439 = ORIENTED_EDGE ( 'NONE', *, *, #730, .T. ) ;
#440 = FACE_OUTER_BOUND ( 'NONE', #1670, .T. ) ;
#441 = CARTESIAN_POINT ( 'NONE',  ( -1.288948200627265894, 0.8499999999999999778, -0.8387579355318529606 ) ) ;
#442 = ORIENTED_EDGE ( 'NONE', *, *, #1271, .T. ) ;
#443 = ORIENTED_EDGE ( 'NONE', *, *, #899, .F. ) ;
#444 = FILL_AREA_STYLE_COLOUR ( '', #968 ) ;
#445 = ADVANCED_FACE ( 'NONE', ( #1578 ), #925, .T. ) ;
#446 = CARTESIAN_POINT ( 'NONE',  ( -1.200000000000000178, 0.1499999999999999944, -0.5000000000000015543 ) ) ;
#447 = ORIENTED_EDGE ( 'NONE', *, *, #509, .F. ) ;
#448 = CARTESIAN_POINT ( 'NONE',  ( 1.399781452183299635, 0.1487605537404348144, 0.8795626581689102164 ) ) ;
#449 = CARTESIAN_POINT ( 'NONE',  ( -1.850000000000000533, 0.1499999999999999944, -0.5000000000000015543 ) ) ;
#450 = ORIENTED_EDGE ( 'NONE', *, *, #201, .T. ) ;
#451 = CARTESIAN_POINT ( 'NONE',  ( 1.401441318300683081, 0.1581741222749513121, 0.8522009306500730741 ) ) ;
#452 = EDGE_CURVE ( 'NONE', #1168, #556, #1088, .T. ) ;
#453 = VERTEX_POINT ( 'NONE', #1063 ) ;
#454 = CARTESIAN_POINT ( 'NONE',  ( 1.382367301929152914, 0.04999999999999992645, -0.8331269142785426851 ) ) ;
#455 = ORIENTED_EDGE ( 'NONE', *, *, #505, .T. ) ;
#456 = CARTESIAN_POINT ( 'NONE',  ( 1.200000000000000178, 0.1499999999999999944, -0.5000000000000002220 ) ) ;
#457 = CARTESIAN_POINT ( 'NONE',  ( -1.200000000000000178, 0.1499999999999999944, 0.5000000000000011102 ) ) ;
#458 = ORIENTED_EDGE ( 'NONE', *, *, #301, .F. ) ;
#459 = DIRECTION ( 'NONE',  ( -1.000000000000000000, -0.000000000000000000, -0.000000000000000000 ) ) ;
#460 = FILL_AREA_STYLE ('',( #444 ) ) ;
#461 = VECTOR ( 'NONE', #1648, 1000.000000000000000 ) ;
#462 = CARTESIAN_POINT ( 'NONE',  ( -1.000000000000000222, 0.8499999999999999778, -0.8387579355318529606 ) ) ;
#463 = VECTOR ( 'NONE', #727, 999.9999999999998863 ) ;
#464 = VECTOR ( 'NONE', #309, 1000.000000000000000 ) ;
#465 = ORIENTED_EDGE ( 'NONE', *, *, #661, .F. ) ;
#466 = AXIS2_PLACEMENT_3D ( 'NONE', #1728, #1581, #1066 ) ;
#467 = DIRECTION ( 'NONE',  ( -1.000000000000000000, -0.000000000000000000, -0.000000000000000000 ) ) ;
#468 = ORIENTED_EDGE ( 'NONE', *, *, #366, .T. ) ;
#469 = LINE ( 'NONE', #195, #1423 ) ;
#470 = CARTESIAN_POINT ( 'NONE',  ( 1.279231003944086398, 0.9610680663249600020, -0.8290407388486737972 ) ) ;
#471 = EDGE_CURVE ( 'NONE', #67, #633, #1565, .T. ) ;
#472 = ORIENTED_EDGE ( 'NONE', *, *, #1541, .F. ) ;
#473 = DIRECTION ( 'NONE',  ( -0.000000000000000000, -0.000000000000000000, 1.000000000000000000 ) ) ;
#474 = VECTOR ( 'NONE', #989, 1000.000000000000000 ) ;
#475 = CARTESIAN_POINT ( 'NONE',  ( -1.200000000000000178, 0.1499999999999999944, -0.5500000000000007105 ) ) ;
#476 = CARTESIAN_POINT ( 'NONE',  ( -1.850000000000000533, 0.1499999999999999944, 0.5000000000000011102 ) ) ;
#477 = EDGE_LOOP ( 'NONE', ( #4, #388, #1175, #1362 ) ) ;
#478 = CARTESIAN_POINT ( 'NONE',  ( 1.288948200627265450, 0.8499999999999999778, -0.8387579355318529606 ) ) ;
#479 = CARTESIAN_POINT ( 'NONE',  ( -1.000000000000000222, 0.8499999999999999778, 0.8387579355318531826 ) ) ;
#480 = FACE_OUTER_BOUND ( 'NONE', #1659, .T. ) ;
#481 = ORIENTED_EDGE ( 'NONE', *, *, #1159, .T. ) ;
#482 = CARTESIAN_POINT ( 'NONE',  ( -1.850000000000000533, 0.1499999999999999944, 0.5000000000000011102 ) ) ;
#483 = LINE ( 'NONE', #1007, #988 ) ;
#484 = CARTESIAN_POINT ( 'NONE',  ( 1.200000000000000178, 0.1499999999999999944, -0.5000000000000002220 ) ) ;
#485 = ORIENTED_EDGE ( 'NONE', *, *, #1173, .F. ) ;
#486 = AXIS2_PLACEMENT_3D ( 'NONE', #1132, #323, #183 ) ;
#487 = EDGE_LOOP ( 'NONE', ( #8, #226, #359, #752, #1630, #306, #134, #465 ) ) ;
#488 = DIRECTION ( 'NONE',  ( -1.000000000000000000, 0.000000000000000000, 0.000000000000000000 ) ) ;
#489 = MECHANICAL_DESIGN_GEOMETRIC_PRESENTATION_REPRESENTATION (  '', ( #963 ), #789 ) ;
#490 = VERTEX_POINT ( 'NONE', #884 ) ;
#491 = CARTESIAN_POINT ( 'NONE',  ( -1.400000000000000133, 0.1500000000000036582, 0.9000000000000001332 ) ) ;
#492 = CARTESIAN_POINT ( 'NONE',  ( 1.850000000000000089, 0.1499999999999999944, 0.4999999999999997780 ) ) ;
#493 = DIRECTION ( 'NONE',  ( 0.000000000000000000, 0.000000000000000000, -1.000000000000000000 ) ) ;
#494 = ADVANCED_FACE ( 'NONE', ( #189 ), #91, .T. ) ;
#495 = VERTEX_POINT ( 'NONE', #456 ) ;
#496 = CYLINDRICAL_SURFACE ( 'NONE', #287, 0.05000000000000005829 ) ;
#497 = PRODUCT_DEFINITION_FORMATION_WITH_SPECIFIED_SOURCE ( 'ANY', '', #864, .NOT_KNOWN. ) ;
#498 = VECTOR ( 'NONE', #1774, 1000.000000000000000 ) ;
#499 = CARTESIAN_POINT ( 'NONE',  ( -1.348753411787059653, -0.1406338440494860897, -0.7995130241364487578 ) ) ;
#500 = EDGE_CURVE ( 'NONE', #46, #1259, #1746, .T. ) ;
#501 = ORIENTED_EDGE ( 'NONE', *, *, #1049, .F. ) ;
#502 = DIRECTION ( 'NONE',  ( 0.000000000000000000, -0.000000000000000000, -1.000000000000000000 ) ) ;
#503 = DIRECTION ( 'NONE',  ( -0.000000000000000000, -0.000000000000000000, -1.000000000000000000 ) ) ;
#504 = DIRECTION ( 'NONE',  ( 0.08682659386424433634, -0.9924325091389677445, 0.08682659386424432246 ) ) ;
#505 = EDGE_CURVE ( 'NONE', #1326, #1498, #1707, .T. ) ;
#506 = VERTEX_POINT ( 'NONE', #1021 ) ;
#507 = ORIENTED_EDGE ( 'NONE', *, *, #687, .F. ) ;
#508 = DIRECTION ( 'NONE',  ( 1.000000000000000000, -0.000000000000000000, 0.000000000000000000 ) ) ;
#509 = EDGE_CURVE ( 'NONE', #1546, #1638, #469, .T. ) ;
#510 = CARTESIAN_POINT ( 'NONE',  ( 1.399999999999999689, 0.1500000000000036582, 0.8501902650954099583 ) ) ;
#511 = ORIENTED_EDGE ( 'NONE', *, *, #81, .F. ) ;
#512 = CARTESIAN_POINT ( 'NONE',  ( 0.2500000000000000000, 0.1499999999999999944, 0.5500000000000002665 ) ) ;
#513 = CARTESIAN_POINT ( 'NONE',  ( -1.338757935531853294, 0.8499999999999999778, 0.7889482006272656722 ) ) ;
#514 = LINE ( 'NONE', #86, #1775 ) ;
#515 = EDGE_LOOP ( 'NONE', ( #24, #894, #1584, #550 ) ) ;
#516 = CARTESIAN_POINT ( 'NONE',  ( 1.333126914278542241, 0.04999999999999991257, 0.8823673019291532471 ) ) ;
#517 = DIRECTION ( 'NONE',  ( 1.000000000000000000, -0.000000000000000000, 0.000000000000000000 ) ) ;
#518 = DIRECTION ( 'NONE',  ( 0.08682659386424432246, 0.9924325091389677445, 0.08682659386424433634 ) ) ;
#519 = AXIS2_PLACEMENT_3D ( 'NONE', #1526, #1394, #1144 ) ;
#520 = CARTESIAN_POINT ( 'NONE',  ( -1.200000000000000178, 0.000000000000000000, 0.5500000000000002665 ) ) ;
#521 = AXIS2_PLACEMENT_3D ( 'NONE', #657, #262, #254 ) ;
#522 = CARTESIAN_POINT ( 'NONE',  ( 1.338757935531852628, 0.8500000000000003109, 0.8181717823131186007 ) ) ;
#523 = ORIENTED_EDGE ( 'NONE', *, *, #1271, .F. ) ;
#524 = PLANE ( 'NONE',  #1740 ) ;
#525 = AXIS2_PLACEMENT_3D ( 'NONE', #253, #1643, #1240 ) ;
#526 = CARTESIAN_POINT ( 'NONE',  ( -1.382367301929153358, 0.04999999999999991257, 0.5000000000000011102 ) ) ;
#527 = ADVANCED_FACE ( 'NONE', ( #1595 ), #647, .T. ) ;
#528 = DIRECTION ( 'NONE',  ( -1.000000000000000000, 0.000000000000000000, -0.000000000000000000 ) ) ;
#529 = VECTOR ( 'NONE', #373, 1000.000000000000000 ) ;
#530 = DIRECTION ( 'NONE',  ( 0.000000000000000000, 0.000000000000000000, -1.000000000000000000 ) ) ;
#531 = DIRECTION ( 'NONE',  ( 0.000000000000000000, 0.000000000000000000, 1.000000000000000000 ) ) ;
#532 = VERTEX_POINT ( 'NONE', #479 ) ;
#533 = CARTESIAN_POINT ( 'NONE',  ( -1.400000000000000133, 0.1500000000000036582, 0.9000000000000001332 ) ) ;
#534 = CARTESIAN_POINT ( 'NONE',  ( -1.200000000000000178, 0.1499999999999999944, 0.5000000000000011102 ) ) ;
#535 = ADVANCED_FACE ( 'NONE', ( #353 ), #1309, .F. ) ;
#536 = CARTESIAN_POINT ( 'NONE',  ( -1.399997865446314105, 0.1499878943444906132, 0.8507574777957036538 ) ) ;
#537 = ORIENTED_EDGE ( 'NONE', *, *, #395, .T. ) ;
#538 = SURFACE_STYLE_USAGE ( .BOTH. , #421 ) ;
#539 = VECTOR ( 'NONE', #1091, 1000.000000000000000 ) ;
#540 = ORIENTED_EDGE ( 'NONE', *, *, #1651, .F. ) ;
#541 = CARTESIAN_POINT ( 'NONE',  ( -1.200000000000000178, 0.000000000000000000, -0.5500000000000007105 ) ) ;
#542 = DIRECTION ( 'NONE',  ( -0.1710878697460327669, 0.9702875252478150303, 0.1710878697460327391 ) ) ;
#543 = CARTESIAN_POINT ( 'NONE',  ( -0.000000000000000000, 0.04999999999999991257, -0.5000000000000015543 ) ) ;
#544 = ORIENTED_EDGE ( 'NONE', *, *, #1687, .F. ) ;
#545 = STYLED_ITEM ( 'NONE', ( #345 ), #1204 ) ;
#546 = CARTESIAN_POINT ( 'NONE',  ( 0.2500000000000000000, 0.1499999999999999944, -0.5500000000000007105 ) ) ;
#547 = EDGE_CURVE ( 'NONE', #1609, #1326, #216, .T. ) ;
#548 = FILL_AREA_STYLE_COLOUR ( '', #602 ) ;
#549 = AXIS2_PLACEMENT_3D ( 'NONE', #1291, #1597, #316 ) ;
#550 = ORIENTED_EDGE ( 'NONE', *, *, #1516, .F. ) ;
#551 = DIRECTION ( 'NONE',  ( 0.000000000000000000, -0.000000000000000000, -1.000000000000000000 ) ) ;
#552 = CARTESIAN_POINT ( 'NONE',  ( -1.350757477795703654, 0.1499878943444899193, -0.8999978654463136607 ) ) ;
#553 = ORIENTED_EDGE ( 'NONE', *, *, #81, .T. ) ;
#554 = PRESENTATION_STYLE_ASSIGNMENT (( #538 ) ) ;
#555 = EDGE_CURVE ( 'NONE', #1589, #1455, #344, .T. ) ;
#556 = VERTEX_POINT ( 'NONE', #905 ) ;
#557 = FACE_OUTER_BOUND ( 'NONE', #1512, .T. ) ;
#558 = DIRECTION ( 'NONE',  ( -0.000000000000000000, 0.000000000000000000, 1.000000000000000000 ) ) ;
#559 = EDGE_CURVE ( 'NONE', #1020, #298, #1319, .T. ) ;
#560 = EDGE_CURVE ( 'NONE', #628, #1642, #1327, .T. ) ;
#561 = ORIENTED_EDGE ( 'NONE', *, *, #107, .T. ) ;
#562 = DIRECTION ( 'NONE',  ( -3.336006684570782608E-16, 0.000000000000000000, 1.000000000000000000 ) ) ;
#563 = FILL_AREA_STYLE ('',( #548 ) ) ;
#564 = LINE ( 'NONE', #446, #721 ) ;
#565 = EDGE_LOOP ( 'NONE', ( #1346, #1127, #346, #1293 ) ) ;
#566 = CARTESIAN_POINT ( 'NONE',  ( 1.399997865446313661, 0.1499878943444906132, 0.8507574777957036538 ) ) ;
#567 = APPLICATION_CONTEXT ( 'automotive_design' ) ;
#568 = CARTESIAN_POINT ( 'NONE',  ( -0.000000000000000000, 0.04999999999999991257, -0.5500000000000007105 ) ) ;
#569 = ORIENTED_EDGE ( 'NONE', *, *, #695, .F. ) ;
#570 = DIRECTION ( 'NONE',  ( 1.000000000000000000, 0.000000000000000000, 0.000000000000000000 ) ) ;
#571 = VECTOR ( 'NONE', #163, 1000.000000000000000 ) ;
#572 = VECTOR ( 'NONE', #1076, 1000.000000000000000 ) ;
#573 = PRESENTATION_STYLE_ASSIGNMENT (( #703 ) ) ;
#574 = DIRECTION ( 'NONE',  ( 0.9961946980917458783, 0.08715574274765489071, -0.000000000000000000 ) ) ;
#575 = ORIENTED_EDGE ( 'NONE', *, *, #1519, .F. ) ;
#576 = CARTESIAN_POINT ( 'NONE',  ( -1.350757477795703654, 0.1499878943444899193, -0.8999978654463136607 ) ) ;
#577 = DIRECTION ( 'NONE',  ( 1.000000000000000000, 0.000000000000000000, 0.000000000000000000 ) ) ;
#578 = EDGE_CURVE ( 'NONE', #887, #369, #1736, .T. ) ;
#579 = ORIENTED_EDGE ( 'NONE', *, *, #167, .F. ) ;
#580 = CARTESIAN_POINT ( 'NONE',  ( 1.399999999999999689, 0.1500000000000036582, 0.8501902650954099583 ) ) ;
#581 = APPLICATION_PROTOCOL_DEFINITION ( 'draft international standard', 'automotive_design', 1998, #567 ) ;
#582 = VECTOR ( 'NONE', #972, 1000.000000000000000 ) ;
#583 = CARTESIAN_POINT ( 'NONE',  ( 1.399999999999997469, 0.1499999999999999944, 0.4999999999999997780 ) ) ;
#584 = ORIENTED_EDGE ( 'NONE', *, *, #829, .F. ) ;
#585 = DIRECTION ( 'NONE',  ( -1.000000000000000000, 0.000000000000000000, -0.000000000000000000 ) ) ;
#586 = ORIENTED_EDGE ( 'NONE', *, *, #1140, .F. ) ;
#587 = ORIENTED_EDGE ( 'NONE', *, *, #15, .T. ) ;
#588 = SURFACE_STYLE_FILL_AREA ( #460 ) ;
#589 = PRODUCT_DEFINITION_CONTEXT ( 'detailed design', #1149, 'design' ) ;
#590 = LINE ( 'NONE', #1445, #1795 ) ;
#591 = CARTESIAN_POINT ( 'NONE',  ( 1.200000000000000178, 0.1499999999999999944, -0.5000000000000002220 ) ) ;
#592 = EDGE_LOOP ( 'NONE', ( #569, #42, #1000, #1329, #1297, #1163 ) ) ;
#593 = VERTEX_POINT ( 'NONE', #1209 ) ;
#594 = CARTESIAN_POINT ( 'NONE',  ( 1.850000000000000089, 0.1499999999999999944, 0.4999999999999997780 ) ) ;
#595 = CARTESIAN_POINT ( 'NONE',  ( 1.279231003944086398, 0.9610680663249600020, 0.8290407388486740192 ) ) ;
#596 = ORIENTED_EDGE ( 'NONE', *, *, #1754, .T. ) ;
#597 = LINE ( 'NONE', #1154, #1255 ) ;
#598 = CARTESIAN_POINT ( 'NONE',  ( -1.200000000000000178, 0.1499999999999999944, -0.5500000000000007105 ) ) ;
#599 = DIRECTION ( 'NONE',  ( -0.000000000000000000, -1.000000000000000000, -0.000000000000000000 ) ) ;
#600 = ORIENTED_EDGE ( 'NONE', *, *, #371, .F. ) ;
#601 = CARTESIAN_POINT ( 'NONE',  ( 1.382367301929152692, 0.04999999999999991257, -0.8621485079147627184 ) ) ;
#602 = COLOUR_RGB ( '',0.7921568627450980005, 0.8196078431372548767, 0.9333333333333333481 ) ;
#603 = VERTEX_POINT ( 'NONE', #101 ) ;
#604 = ORIENTED_EDGE ( 'NONE', *, *, #691, .F. ) ;
#605 = DIRECTION ( 'NONE',  ( -0.9961946980917458783, 0.08715574274765489071, 0.000000000000000000 ) ) ;
#606 = FACE_OUTER_BOUND ( 'NONE', #487, .T. ) ;
#607 = CARTESIAN_POINT ( 'NONE',  ( 0.2500000000000000000, 0.1499999999999999944, 0.5500000000000002665 ) ) ;
#608 = VECTOR ( 'NONE', #1606, 999.9999999999998863 ) ;
#609 = AXIS2_PLACEMENT_3D ( 'NONE', #1316, #941, #1058 ) ;
#610 = EDGE_LOOP ( 'NONE', ( #1071, #683, #393, #907 ) ) ;
#611 = CLOSED_SHELL ( 'NONE', ( #535, #1053, #1059, #822, #227, #1551 ) ) ;
#612 = ADVANCED_FACE ( 'NONE', ( #271 ), #524, .F. ) ;
#613 = ORIENTED_EDGE ( 'NONE', *, *, #851, .T. ) ;
#614 = DIRECTION ( 'NONE',  ( -1.000000000000000000, 0.000000000000000000, 0.000000000000000000 ) ) ;
#615 = CARTESIAN_POINT ( 'NONE',  ( -1.382367301929153358, 0.04999999999999991257, -0.8621485079147628294 ) ) ;
#616 = ORIENTED_EDGE ( 'NONE', *, *, #726, .F. ) ;
#617 = CARTESIAN_POINT ( 'NONE',  ( -1.200000000000000178, 0.1499999999999999944, -0.5000000000000015543 ) ) ;
#618 = FACE_OUTER_BOUND ( 'NONE', #767, .T. ) ;
#619 = DIRECTION ( 'NONE',  ( 0.000000000000000000, 0.000000000000000000, 1.000000000000000000 ) ) ;
#620 = ORIENTED_EDGE ( 'NONE', *, *, #53, .T. ) ;
#621 = CARTESIAN_POINT ( 'NONE',  ( -1.350757477795703654, 0.1499878943444898360, 0.8999978654463137717 ) ) ;
#622 =( NAMED_UNIT ( * ) SI_UNIT ( $, .STERADIAN. ) SOLID_ANGLE_UNIT ( ) );
#623 = ORIENTED_EDGE ( 'NONE', *, *, #1640, .F. ) ;
#624 = ADVANCED_FACE ( 'NONE', ( #1218 ), #1079, .T. ) ;
#625 = DIRECTION ( 'NONE',  ( 1.000000000000000000, 0.000000000000000000, 0.000000000000000000 ) ) ;
#626 = CARTESIAN_POINT ( 'NONE',  ( -1.200000000000000178, 0.1499999999999999944, -0.5000000000000015543 ) ) ;
#627 = CARTESIAN_POINT ( 'NONE',  ( -1.200000000000000178, 0.1499999999999999944, -0.5500000000000007105 ) ) ;
#628 = VERTEX_POINT ( 'NONE', #541 ) ;
#629 = LINE ( 'NONE', #1191, #692 ) ;
#630 = DIRECTION ( 'NONE',  ( -0.000000000000000000, -0.000000000000000000, 1.000000000000000000 ) ) ;
#631 = VECTOR ( 'NONE', #725, 1000.000000000000000 ) ;
#632 = DIRECTION ( 'NONE',  ( -0.000000000000000000, 0.000000000000000000, -1.000000000000000000 ) ) ;
#633 = VERTEX_POINT ( 'NONE', #1753 ) ;
#634 = CARTESIAN_POINT ( 'NONE',  ( -1.150000000000000133, 0.8499999999999999778, 0.8387579355318531826 ) ) ;
#635 = VECTOR ( 'NONE', #781, 999.9999999999998863 ) ;
#636 = EDGE_CURVE ( 'NONE', #841, #840, #663, .T. ) ;
#637 =( BOUNDED_CURVE ( )  B_SPLINE_CURVE ( 3, ( #229, #220, #96, #783 ),
 .UNSPECIFIED., .F., .T. ) 
 B_SPLINE_CURVE_WITH_KNOTS ( ( 4, 4 ),
 ( 5.512866274278613865, 7.053504340080552382 ),
 .UNSPECIFIED. ) 
 CURVE ( )  GEOMETRIC_REPRESENTATION_ITEM ( )  RATIONAL_B_SPLINE_CURVE ( ( 1.000000000000000000, 0.8117923620232506687, 0.8117923620232506687, 1.000000000000000000 ) ) 
 REPRESENTATION_ITEM ( '' )  );
#638 = CARTESIAN_POINT ( 'NONE',  ( 0.000000000000000000, 0.1499999999999999944, 0.000000000000000000 ) ) ;
#639 = CARTESIAN_POINT ( 'NONE',  ( -1.200000000000000178, 0.04999999999999991257, 0.5000000000000011102 ) ) ;
#640 = VECTOR ( 'NONE', #428, 1000.000000000000000 ) ;
#641 = ORIENTED_EDGE ( 'NONE', *, *, #1037, .F. ) ;
#642 = EDGE_CURVE ( 'NONE', #419, #1598, #832, .T. ) ;
#643 = VECTOR ( 'NONE', #1226, 1000.000000000000000 ) ;
#644 = AXIS2_PLACEMENT_3D ( 'NONE', #251, #1359, #277 ) ;
#645 = VECTOR ( 'NONE', #570, 1000.000000000000000 ) ;
#646 = ORIENTED_EDGE ( 'NONE', *, *, #1173, .T. ) ;
#647 = CYLINDRICAL_SURFACE ( 'NONE', #1112, 0.05000000000000003053 ) ;
#648 = ADVANCED_FACE ( 'NONE', ( #1363 ), #114, .T. ) ;
#649 = DIRECTION ( 'NONE',  ( -0.000000000000000000, -1.000000000000000000, -0.000000000000000000 ) ) ;
#650 = ORIENTED_EDGE ( 'NONE', *, *, #1412, .T. ) ;
#651 = DIRECTION ( 'NONE',  ( 0.000000000000000000, 0.000000000000000000, -1.000000000000000000 ) ) ;
#652 = CARTESIAN_POINT ( 'NONE',  ( -1.000000000000000222, 0.8499999999999999778, -0.8387579355318529606 ) ) ;
#653 = FACE_OUTER_BOUND ( 'NONE', #433, .T. ) ;
#654 =( BOUNDED_CURVE ( )  B_SPLINE_CURVE ( 3, ( #1384, #175, #139, #576 ),
 .UNSPECIFIED., .F., .T. ) 
 B_SPLINE_CURVE_WITH_KNOTS ( ( 4, 4 ),
 ( 5.512866274278612089, 7.053504340080554158 ),
 .UNSPECIFIED. ) 
 CURVE ( )  GEOMETRIC_REPRESENTATION_ITEM ( )  RATIONAL_B_SPLINE_CURVE ( ( 1.000000000000000000, 0.8117923620232497806, 0.8117923620232497806, 1.000000000000000000 ) ) 
 REPRESENTATION_ITEM ( '' )  );
#655 = ORIENTED_EDGE ( 'NONE', *, *, #788, .F. ) ;
#656 = DIRECTION ( 'NONE',  ( 0.9848077530122086864, 0.1736481776669274446, -0.000000000000000000 ) ) ;
#657 = CARTESIAN_POINT ( 'NONE',  ( 1.200000000000000178, 0.1499999999999999944, 0.4999999999999997780 ) ) ;
#658 = LINE ( 'NONE', #1777, #1254 ) ;
#659 = CARTESIAN_POINT ( 'NONE',  ( 1.850000000000000089, 0.000000000000000000, -0.5000000000000000000 ) ) ;
#660 = CARTESIAN_POINT ( 'NONE',  ( -1.400000000000000133, 0.1500000000000036582, 0.8501902650954099583 ) ) ;
#661 = EDGE_CURVE ( 'NONE', #633, #1108, #813, .T. ) ;
#662 = ORIENTED_EDGE ( 'NONE', *, *, #274, .F. ) ;
#663 = LINE ( 'NONE', #1072, #643 ) ;
#664 = LINE ( 'NONE', #123, #714 ) ;
#665 = FILL_AREA_STYLE_COLOUR ( '', #1706 ) ;
#666 = DIRECTION ( 'NONE',  ( 1.000000000000000000, -0.000000000000000000, 0.000000000000000000 ) ) ;
#667 = DIRECTION ( 'NONE',  ( -1.000000000000000000, -0.000000000000000000, -0.000000000000000000 ) ) ;
#668 = ADVANCED_FACE ( 'NONE', ( #408 ), #969, .F. ) ;
#669 = VERTEX_POINT ( 'NONE', #960 ) ;
#670 = VECTOR ( 'NONE', #900, 1000.000000000000000 ) ;
#671 = DIRECTION ( 'NONE',  ( 0.000000000000000000, -1.000000000000000000, 0.000000000000000000 ) ) ;
#672 = VECTOR ( 'NONE', #1372, 1000.000000000000000 ) ;
#673 = CARTESIAN_POINT ( 'NONE',  ( -1.399999999999998579, 0.1499999999999930833, -0.8503789960498671086 ) ) ;
#674 = DIRECTION ( 'NONE',  ( 0.000000000000000000, -1.000000000000000000, 0.000000000000000000 ) ) ;
#675 = ORIENTED_EDGE ( 'NONE', *, *, #313, .T. ) ;
#676 = FILL_AREA_STYLE_COLOUR ( '', #845 ) ;
#677 = EDGE_CURVE ( 'NONE', #1517, #1069, #6, .T. ) ;
#678 = VERTEX_POINT ( 'NONE', #1347 ) ;
#679 = DIRECTION ( 'NONE',  ( 0.000000000000000000, 0.000000000000000000, 1.000000000000000000 ) ) ;
#680 = CARTESIAN_POINT ( 'NONE',  ( 1.399999999999999689, 0.1500000000000036582, 0.9000000000000001332 ) ) ;
#681 = CARTESIAN_POINT ( 'NONE',  ( 1.350568068955103618, 0.1499959647386976402, -0.8999992884745575683 ) ) ;
#682 = EDGE_CURVE ( 'NONE', #1122, #272, #1472, .T. ) ;
#683 = ORIENTED_EDGE ( 'NONE', *, *, #1286, .F. ) ;
#684 = PLANE ( 'NONE',  #1625 ) ;
#685 = ORIENTED_EDGE ( 'NONE', *, *, #677, .F. ) ;
#686 = CARTESIAN_POINT ( 'NONE',  ( -1.200000000000000178, 0.1499999999999999944, -0.5000000000000015543 ) ) ;
#687 = EDGE_CURVE ( 'NONE', #1738, #1723, #1491, .T. ) ;
#688 = CARTESIAN_POINT ( 'NONE',  ( -1.400000000000000133, 0.1500000000000036582, 0.8501902650954099583 ) ) ;
#689 = ORIENTED_EDGE ( 'NONE', *, *, #107, .F. ) ;
#690 = CARTESIAN_POINT ( 'NONE',  ( 1.338757935531852850, 0.8499999999999999778, -0.7889482006272655612 ) ) ;
#691 = EDGE_CURVE ( 'NONE', #495, #1341, #1482, .T. ) ;
#692 = VECTOR ( 'NONE', #1439, 1000.000000000000000 ) ;
#693 = VECTOR ( 'NONE', #1081, 1000.000000000000000 ) ;
#694 = ORIENTED_EDGE ( 'NONE', *, *, #382, .F. ) ;
#695 = EDGE_CURVE ( 'NONE', #1111, #1762, #245, .T. ) ;
#696 = PLANE ( 'NONE',  #412 ) ;
#697 = FACE_OUTER_BOUND ( 'NONE', #29, .T. ) ;
#698 = VECTOR ( 'NONE', #1725, 999.9999999999998863 ) ;
#699 = EDGE_LOOP ( 'NONE', ( #600, #364, #1158, #1298, #856 ) ) ;
#700 = AXIS2_PLACEMENT_3D ( 'NONE', #918, #625, #1739 ) ;
#701 = LINE ( 'NONE', #434, #1567 ) ;
#702 = APPLICATION_PROTOCOL_DEFINITION ( 'draft international standard', 'automotive_design', 1998, #1149 ) ;
#703 = SURFACE_STYLE_USAGE ( .BOTH. , #1382 ) ;
#704 = EDGE_CURVE ( 'NONE', #1738, #1289, #1508, .T. ) ;
#705 = ORIENTED_EDGE ( 'NONE', *, *, #1150, .T. ) ;
#706 = CARTESIAN_POINT ( 'NONE',  ( -1.382367301929153358, 0.04999999999999991257, -0.5000000000000014433 ) ) ;
#707 =( BOUNDED_CURVE ( )  B_SPLINE_CURVE ( 3, ( #1579, #615, #50, #1737 ),
 .UNSPECIFIED., .F., .T. ) 
 B_SPLINE_CURVE_WITH_KNOTS ( ( 4, 4 ),
 ( 5.512866274278616530, 7.053504340080557711 ),
 .UNSPECIFIED. ) 
 CURVE ( )  GEOMETRIC_REPRESENTATION_ITEM ( )  RATIONAL_B_SPLINE_CURVE ( ( 1.000000000000000000, 0.8117923620232501136, 0.8117923620232501136, 1.000000000000000000 ) ) 
 REPRESENTATION_ITEM ( '' )  );
#708 = CARTESIAN_POINT ( 'NONE',  ( -1.382367301929153358, 0.04999999999999991257, -0.8331269142785427961 ) ) ;
#709 = ORIENTED_EDGE ( 'NONE', *, *, #35, .F. ) ;
#710 = DIRECTION ( 'NONE',  ( -1.000000000000000000, -0.000000000000000000, -3.336006684570783101E-16 ) ) ;
#711 = DIRECTION ( 'NONE',  ( 1.000000000000000000, 0.000000000000000000, 0.000000000000000000 ) ) ;
#712 = ORIENTED_EDGE ( 'NONE', *, *, #505, .F. ) ;
#713 = DIRECTION ( 'NONE',  ( 0.000000000000000000, -1.000000000000000000, 0.000000000000000000 ) ) ;
#714 = VECTOR ( 'NONE', #1483, 1000.000000000000000 ) ;
#715 = EDGE_CURVE ( 'NONE', #67, #1609, #131, .T. ) ;
#716 = DIRECTION ( 'NONE',  ( -0.000000000000000000, -0.000000000000000000, -1.000000000000000000 ) ) ;
#717 = ADVANCED_FACE ( 'NONE', ( #234 ), #389, .F. ) ;
#718 = ORIENTED_EDGE ( 'NONE', *, *, #403, .F. ) ;
#719 = LINE ( 'NONE', #43, #239 ) ;
#720 = ADVANCED_FACE ( 'NONE', ( #1090 ), #1631, .F. ) ;
#721 = VECTOR ( 'NONE', #599, 1000.000000000000000 ) ;
#722 = LINE ( 'NONE', #1015, #1413 ) ;
#723 = VECTOR ( 'NONE', #129, 1000.000000000000000 ) ;
#724 = VERTEX_POINT ( 'NONE', #1518 ) ;
#725 = DIRECTION ( 'NONE',  ( -0.000000000000000000, -0.000000000000000000, 1.000000000000000000 ) ) ;
#726 = EDGE_CURVE ( 'NONE', #1020, #1168, #279, .T. ) ;
#727 = DIRECTION ( 'NONE',  ( 0.1710878697460327669, 0.9702875252478150303, -0.1710878697460327391 ) ) ;
#728 = ORIENTED_EDGE ( 'NONE', *, *, #836, .T. ) ;
#729 = ORIENTED_EDGE ( 'NONE', *, *, #274, .T. ) ;
#730 = EDGE_CURVE ( 'NONE', #887, #281, #654, .T. ) ;
#731 = VECTOR ( 'NONE', #1550, 1000.000000000000000 ) ;
#732 = VECTOR ( 'NONE', #1233, 1000.000000000000000 ) ;
#733 = DIRECTION ( 'NONE',  ( 0.000000000000000000, 0.9961946980917457672, -0.08715574274765555685 ) ) ;
#734 = PLANE ( 'NONE',  #1036 ) ;
#735 = EDGE_CURVE ( 'NONE', #1212, #678, #1119, .T. ) ;
#736 = ORIENTED_EDGE ( 'NONE', *, *, #10, .F. ) ;
#737 = LINE ( 'NONE', #1169, #314 ) ;
#738 = ORIENTED_EDGE ( 'NONE', *, *, #1159, .F. ) ;
#739 = CARTESIAN_POINT ( 'NONE',  ( 1.350757477795702766, 0.1499878943444899193, 0.8999978654463137717 ) ) ;
#740 = CARTESIAN_POINT ( 'NONE',  ( 1.200000000000000178, 0.1499999999999999944, 0.4999999999999997780 ) ) ;
#741 = ORIENTED_EDGE ( 'NONE', *, *, #1623, .T. ) ;
#742 = DIRECTION ( 'NONE',  ( 0.1710878697460327391, -0.9702875252478150303, -0.1710878697460327669 ) ) ;
#743 = ADVANCED_FACE ( 'NONE', ( #165 ), #696, .F. ) ;
#744 = UNCERTAINTY_MEASURE_WITH_UNIT (LENGTH_MEASURE( 1.000000000000000082E-05 ), #1547, 'distance_accuracy_value', 'NONE');
#745 = DIRECTION ( 'NONE',  ( 1.000000000000000000, 0.000000000000000000, 0.000000000000000000 ) ) ;
#746 = DIRECTION ( 'NONE',  ( 1.000000000000000000, 0.000000000000000000, 0.000000000000000000 ) ) ;
#747 = ORIENTED_EDGE ( 'NONE', *, *, #242, .F. ) ;
#748 = DIRECTION ( 'NONE',  ( 0.000000000000000000, 0.1736481776669274446, 0.9848077530122086864 ) ) ;
#749 = ORIENTED_EDGE ( 'NONE', *, *, #1524, .F. ) ;
#750 = CARTESIAN_POINT ( 'NONE',  ( 1.399999288474557568, 0.1499959647386976680, -0.8505680689551041729 ) ) ;
#751 = CARTESIAN_POINT ( 'NONE',  ( 0.000000000000000000, 0.1499999999999999944, 0.000000000000000000 ) ) ;
#752 = ORIENTED_EDGE ( 'NONE', *, *, #559, .F. ) ;
#753 = DIRECTION ( 'NONE',  ( 1.000000000000000000, 0.000000000000000000, 0.000000000000000000 ) ) ;
#754 = DIRECTION ( 'NONE',  ( 0.000000000000000000, -0.08715574274765555685, -0.9961946980917457672 ) ) ;
#755 = FACE_OUTER_BOUND ( 'NONE', #196, .T. ) ;
#756 = ORIENTED_EDGE ( 'NONE', *, *, #201, .F. ) ;
#757 = LINE ( 'NONE', #1308, #759 ) ;
#758 = EDGE_CURVE ( 'NONE', #202, #490, #1317, .T. ) ;
#759 = VECTOR ( 'NONE', #1715, 999.9999999999998863 ) ;
#760 = DIRECTION ( 'NONE',  ( 0.000000000000000000, 0.08715574274765390539, -0.9961946980917458783 ) ) ;
#761 = LINE ( 'NONE', #218, #635 ) ;
#762 = ORIENTED_EDGE ( 'NONE', *, *, #1681, .F. ) ;
#763 = CARTESIAN_POINT ( 'NONE',  ( -1.000000000000000222, 0.7999999999999999334, 0.8431323687081492269 ) ) ;
#764 = LINE ( 'NONE', #1050, #1641 ) ;
#765 = CARTESIAN_POINT ( 'NONE',  ( -1.850000000000000533, 0.000000000000000000, -0.5000000000000015543 ) ) ;
#766 = VECTOR ( 'NONE', #1688, 1000.000000000000000 ) ;
#767 = EDGE_LOOP ( 'NONE', ( #1197, #1190, #655, #773 ) ) ;
#768 = AXIS2_PLACEMENT_3D ( 'NONE', #83, #1198, #502 ) ;
#769 = ADVANCED_FACE ( 'NONE', ( #440 ), #839, .F. ) ;
#770 = ORIENTED_EDGE ( 'NONE', *, *, #578, .F. ) ;
#771 = CARTESIAN_POINT ( 'NONE',  ( -1.850000000000000533, 0.000000000000000000, 0.5000000000000011102 ) ) ;
#772 = FILL_AREA_STYLE_COLOUR ( '', #312 ) ;
#773 = ORIENTED_EDGE ( 'NONE', *, *, #1644, .T. ) ;
#774 = CARTESIAN_POINT ( 'NONE',  ( -1.333126914278542907, 0.04999999999999991257, 0.8823673019291532471 ) ) ;
#775 = PLANE ( 'NONE',  #1157 ) ;
#776 = LINE ( 'NONE', #1722, #90 ) ;
#777 = ORIENTED_EDGE ( 'NONE', *, *, #872, .F. ) ;
#778 = EDGE_LOOP ( 'NONE', ( #1185, #99, #738, #159 ) ) ;
#779 = CARTESIAN_POINT ( 'NONE',  ( 1.399999999999999689, 0.8499999999999999778, 0.8387579355318531826 ) ) ;
#780 = EDGE_CURVE ( 'NONE', #990, #402, #1262, .T. ) ;
#781 = DIRECTION ( 'NONE',  ( -0.1736481776669274446, -0.9848077530122086864, -5.792914814604049033E-17 ) ) ;
#782 = CARTESIAN_POINT ( 'NONE',  ( -1.200000000000000178, 0.1499999999999999944, -0.5000000000000015543 ) ) ;
#783 = CARTESIAN_POINT ( 'NONE',  ( -1.399997865446314105, 0.1499878943444906132, 0.8507574777957036538 ) ) ;
#784 = DIRECTION ( 'NONE',  ( -0.000000000000000000, 0.1736481776669274446, -0.9848077530122086864 ) ) ;
#785 = ORIENTED_EDGE ( 'NONE', *, *, #1256, .F. ) ;
#786 = ORIENTED_EDGE ( 'NONE', *, *, #1440, .T. ) ;
#787 = CARTESIAN_POINT ( 'NONE',  ( -1.350568068955104506, 0.1499959647386974182, 0.8999992884745576793 ) ) ;
#788 = EDGE_CURVE ( 'NONE', #1336, #669, #982, .T. ) ;
#789 =( GEOMETRIC_REPRESENTATION_CONTEXT ( 3 ) GLOBAL_UNCERTAINTY_ASSIGNED_CONTEXT ( ( #1014 ) ) GLOBAL_UNIT_ASSIGNED_CONTEXT ( ( #1125, #337, #1702 ) ) REPRESENTATION_CONTEXT ( 'NONE', 'WORKASPACE' ) );
#790 = CARTESIAN_POINT ( 'NONE',  ( -1.400000000000000133, 0.1500000000000036582, 0.9000000000000001332 ) ) ;
#791 = ORIENTED_EDGE ( 'NONE', *, *, #1730, .F. ) ;
#792 = FACE_OUTER_BOUND ( 'NONE', #1564, .T. ) ;
#793 = LINE ( 'NONE', #1214, #1758 ) ;
#794 = DIRECTION ( 'NONE',  ( 0.000000000000000000, -0.000000000000000000, -1.000000000000000000 ) ) ;
#795 = VECTOR ( 'NONE', #1242, 1000.000000000000000 ) ;
#796 = VECTOR ( 'NONE', #742, 999.9999999999998863 ) ;
#797 = ORIENTED_EDGE ( 'NONE', *, *, #98, .T. ) ;
#798 = DIRECTION ( 'NONE',  ( 0.000000000000000000, 0.000000000000000000, -1.000000000000000000 ) ) ;
#799 = PLANE ( 'NONE',  #521 ) ;
#800 = LINE ( 'NONE', #248, #1649 ) ;
#801 = CARTESIAN_POINT ( 'NONE',  ( 1.332810167549707048, 0.9179832991206189341, -0.7830004326451196484 ) ) ;
#802 = CARTESIAN_POINT ( 'NONE',  ( -1.000000000000000222, 0.7999999999999999334, -0.8431323687081491158 ) ) ;
#803 = VECTOR ( 'NONE', #300, 1000.000000000000000 ) ;
#804 = EDGE_CURVE ( 'NONE', #1098, #1122, #1411, .T. ) ;
#805 = EDGE_LOOP ( 'NONE', ( #193, #1716, #75, #1765 ) ) ;
#806 = DIRECTION ( 'NONE',  ( -0.000000000000000000, -0.000000000000000000, 1.000000000000000000 ) ) ;
#807 = CARTESIAN_POINT ( 'NONE',  ( -1.401441318300683525, 0.1581741222749513121, 0.8522009306500730741 ) ) ;
#808 = VERTEX_POINT ( 'NONE', #844 ) ;
#809 = LINE ( 'NONE', #1357, #174 ) ;
#810 = FACE_OUTER_BOUND ( 'NONE', #1153, .T. ) ;
#811 = CARTESIAN_POINT ( 'NONE',  ( 0.000000000000000000, 0.000000000000000000, 0.000000000000000000 ) ) ;
#812 = VERTEX_POINT ( 'NONE', #1277 ) ;
#813 = LINE ( 'NONE', #1096, #943 ) ;
#814 = DIRECTION ( 'NONE',  ( 0.000000000000000000, 0.000000000000000000, -1.000000000000000000 ) ) ;
#815 = EDGE_LOOP ( 'NONE', ( #93, #310, #892, #1719 ) ) ;
#816 = DIRECTION ( 'NONE',  ( -0.000000000000000000, 0.000000000000000000, 1.000000000000000000 ) ) ;
#817 = VECTOR ( 'NONE', #44, 1000.000000000000000 ) ;
#818 = ORIENTED_EDGE ( 'NONE', *, *, #1607, .F. ) ;
#819 = DIRECTION ( 'NONE',  ( -0.000000000000000000, 1.000000000000000000, 0.000000000000000000 ) ) ;
#820 = EDGE_LOOP ( 'NONE', ( #1686, #944, #1556, #1682 ) ) ;
#821 = CARTESIAN_POINT ( 'NONE',  ( 1.362148507914762385, 0.04999999999999991257, 0.8823673019291534692 ) ) ;
#822 = ADVANCED_FACE ( 'NONE', ( #557 ), #31, .F. ) ;
#823 = VECTOR ( 'NONE', #1661, 1000.000000000000000 ) ;
#824 = DIRECTION ( 'NONE',  ( 0.9848077530122086864, 0.1736481776669274446, -0.000000000000000000 ) ) ;
#825 = CARTESIAN_POINT ( 'NONE',  ( -1.399999999999998579, 0.1499999999999937217, 0.8503789960498674416 ) ) ;
#826 = VERTEX_POINT ( 'NONE', #706 ) ;
#827 = ADVANCED_FACE ( 'NONE', ( #991 ), #1535, .T. ) ;
#828 = CARTESIAN_POINT ( 'NONE',  ( -1.200000000000000178, 0.1499999999999999944, 0.5000000000000011102 ) ) ;
#829 = EDGE_CURVE ( 'NONE', #423, #1010, #951, .T. ) ;
#830 =( BOUNDED_CURVE ( )  B_SPLINE_CURVE ( 3, ( #1213, #1331, #210, #1040 ),
 .UNSPECIFIED., .F., .T. ) 
 B_SPLINE_CURVE_WITH_KNOTS ( ( 4, 4 ),
 ( 2.371273620688816752, 3.911911686490765039 ),
 .UNSPECIFIED. ) 
 CURVE ( )  GEOMETRIC_REPRESENTATION_ITEM ( )  RATIONAL_B_SPLINE_CURVE ( ( 1.000000000000000000, 0.8117923620232483373, 0.8117923620232483373, 1.000000000000000000 ) ) 
 REPRESENTATION_ITEM ( '' )  );
#831 = ORIENTED_EDGE ( 'NONE', *, *, #1687, .T. ) ;
#832 = LINE ( 'NONE', #954, #732 ) ;
#833 = EDGE_CURVE ( 'NONE', #1134, #1020, #1633, .T. ) ;
#834 = VERTEX_POINT ( 'NONE', #1128 ) ;
#835 = CYLINDRICAL_SURFACE ( 'NONE', #1252, 0.05000000000000003053 ) ;
#836 = EDGE_CURVE ( 'NONE', #1762, #838, #148, .T. ) ;
#837 = LINE ( 'NONE', #268, #723 ) ;
#838 = VERTEX_POINT ( 'NONE', #454 ) ;
#839 = PLANE ( 'NONE',  #204 ) ;
#840 = VERTEX_POINT ( 'NONE', #914 ) ;
#841 = VERTEX_POINT ( 'NONE', #214 ) ;
#842 = CARTESIAN_POINT ( 'NONE',  ( 0.000000000000000000, 0.1499999999999999944, 0.000000000000000000 ) ) ;
#843 = EDGE_LOOP ( 'NONE', ( #205, #1531, #956, #1311, #1792, #1373 ) ) ;
#844 = CARTESIAN_POINT ( 'NONE',  ( 1.350757477795702544, 0.1499878943444901414, -0.8999978654463136607 ) ) ;
#845 = COLOUR_RGB ( '',1.000000000000000000, 1.000000000000000000, 1.000000000000000000 ) ;
#846 = DIRECTION ( 'NONE',  ( 0.000000000000000000, 0.000000000000000000, 1.000000000000000000 ) ) ;
#847 = VECTOR ( 'NONE', #1194, 1000.000000000000000 ) ;
#848 = EDGE_LOOP ( 'NONE', ( #523, #1264, #1321, #1095 ) ) ;
#849 = AXIS2_PLACEMENT_3D ( 'NONE', #782, #1048, #651 ) ;
#850 = ORIENTED_EDGE ( 'NONE', *, *, #1499, .T. ) ;
#851 = EDGE_CURVE ( 'NONE', #532, #994, #76, .T. ) ;
#852 = LINE ( 'NONE', #591, #474 ) ;
#853 = ORIENTED_EDGE ( 'NONE', *, *, #677, .T. ) ;
#854 = AXIS2_PLACEMENT_3D ( 'NONE', #1296, #574, #172 ) ;
#855 = CARTESIAN_POINT ( 'NONE',  ( -1.200000000000000178, 0.1499999999999999944, -0.5000000000000015543 ) ) ;
#856 = ORIENTED_EDGE ( 'NONE', *, *, #1279, .T. ) ;
#857 = DIRECTION ( 'NONE',  ( 0.000000000000000000, 0.000000000000000000, 1.000000000000000000 ) ) ;
#858 = FACE_OUTER_BOUND ( 'NONE', #1704, .T. ) ;
#859 = ORIENTED_EDGE ( 'NONE', *, *, #1286, .T. ) ;
#860 = DIRECTION ( 'NONE',  ( 0.000000000000000000, 0.000000000000000000, 1.000000000000000000 ) ) ;
#861 = LINE ( 'NONE', #594, #1393 ) ;
#862 = ORIENTED_EDGE ( 'NONE', *, *, #555, .F. ) ;
#863 = CARTESIAN_POINT ( 'NONE',  ( 1.200000000000000178, 0.1499999999999999944, -0.5000000000000002220 ) ) ;
#864 = PRODUCT ( 'SS12LSH', 'SS12LSH', '', ( #282 ) ) ;
#865 = UNCERTAINTY_MEASURE_WITH_UNIT (LENGTH_MEASURE( 1.000000000000000082E-05 ), #1117, 'distance_accuracy_value', 'NONE');
#866 = FACE_OUTER_BOUND ( 'NONE', #190, .T. ) ;
#867 = LINE ( 'NONE', #1409, #1401 ) ;
#868 = ORIENTED_EDGE ( 'NONE', *, *, #1120, .T. ) ;
#869 = CARTESIAN_POINT ( 'NONE',  ( -1.288948200627265894, 0.8499999999999999778, 0.8387579355318531826 ) ) ;
#870 = AXIS2_PLACEMENT_3D ( 'NONE', #457, #1726, #632 ) ;
#871 = DIRECTION ( 'NONE',  ( 0.000000000000000000, -0.000000000000000000, -1.000000000000000000 ) ) ;
#872 = EDGE_CURVE ( 'NONE', #142, #603, #629, .T. ) ;
#873 = AXIS2_PLACEMENT_3D ( 'NONE', #1540, #320, #1006 ) ;
#874 = ORIENTED_EDGE ( 'NONE', *, *, #879, .T. ) ;
#875 = ORIENTED_EDGE ( 'NONE', *, *, #1623, .F. ) ;
#876 = VECTOR ( 'NONE', #21, 1000.000000000000000 ) ;
#877 = CARTESIAN_POINT ( 'NONE',  ( -1.352200930650073074, 0.1668565311582977106, 0.8522009306500730741 ) ) ;
#878 = CLOSED_SHELL ( 'NONE', ( #1009, #417, #668, #958, #1488, #1504 ) ) ;
#879 = EDGE_CURVE ( 'NONE', #1498, #834, #737, .T. ) ;
#880 = FACE_OUTER_BOUND ( 'NONE', #1024, .T. ) ;
#881 = LINE ( 'NONE', #1275, #1497 ) ;
#882 = ORIENTED_EDGE ( 'NONE', *, *, #10, .T. ) ;
#883 = DIRECTION ( 'NONE',  ( 0.000000000000000000, 0.1736481776669273891, -0.9848077530122085754 ) ) ;
#884 = CARTESIAN_POINT ( 'NONE',  ( -1.382367301929153358, 0.04999999999999991257, 0.8331269142785429072 ) ) ;
#885 = DIRECTION ( 'NONE',  ( -0.9848077530122086864, 0.1736481776669274446, 0.000000000000000000 ) ) ;
#886 = ADVANCED_FACE ( 'NONE', ( #1735 ), #496, .T. ) ;
#887 = VERTEX_POINT ( 'NONE', #1448 ) ;
#888 = LINE ( 'NONE', #1417, #645 ) ;
#889 = PLANE ( 'NONE',  #1248 ) ;
#890 = LINE ( 'NONE', #1437, #464 ) ;
#891 = ADVANCED_FACE ( 'NONE', ( #1605 ), #360, .F. ) ;
#892 = ORIENTED_EDGE ( 'NONE', *, *, #691, .T. ) ;
#893 = CARTESIAN_POINT ( 'NONE',  ( 1.382367301929152914, 0.04999999999999991257, -0.5000000000000001110 ) ) ;
#894 = ORIENTED_EDGE ( 'NONE', *, *, #1730, .T. ) ;
#895 = DIRECTION ( 'NONE',  ( 0.000000000000000000, 0.1736481776669273891, 0.9848077530122085754 ) ) ;
#896 = LINE ( 'NONE', #595, #1110 ) ;
#897 = EDGE_LOOP ( 'NONE', ( #511, #875, #544, #1481, #244, #1662 ) ) ;
#898 = DIRECTION ( 'NONE',  ( 0.000000000000000000, 0.000000000000000000, -1.000000000000000000 ) ) ;
#899 = EDGE_CURVE ( 'NONE', #289, #142, #194, .T. ) ;
#900 = DIRECTION ( 'NONE',  ( -0.000000000000000000, -1.000000000000000000, -0.000000000000000000 ) ) ;
#901 = AXIS2_PLACEMENT_3D ( 'NONE', #638, #103, #240 ) ;
#902 = ORIENTED_EDGE ( 'NONE', *, *, #137, .F. ) ;
#903 = LINE ( 'NONE', #1141, #1337 ) ;
#904 = ORIENTED_EDGE ( 'NONE', *, *, #642, .T. ) ;
#905 = CARTESIAN_POINT ( 'NONE',  ( -1.350757477795703654, 0.1499878943444898360, 0.8999978654463137717 ) ) ;
#906 = FACE_OUTER_BOUND ( 'NONE', #77, .T. ) ;
#907 = ORIENTED_EDGE ( 'NONE', *, *, #79, .T. ) ;
#908 = LINE ( 'NONE', #634, #61 ) ;
#909 = VECTOR ( 'NONE', #1771, 1000.000000000000000 ) ;
#910 = LINE ( 'NONE', #484, #670 ) ;
#911 = AXIS2_PLACEMENT_3D ( 'NONE', #1414, #11, #166 ) ;
#912 = EDGE_CURVE ( 'NONE', #506, #1280, #1585, .T. ) ;
#913 = VERTEX_POINT ( 'NONE', #893 ) ;
#914 = CARTESIAN_POINT ( 'NONE',  ( -1.200000000000000178, 0.000000000000000000, 0.5500000000000002665 ) ) ;
#915 = ORIENTED_EDGE ( 'NONE', *, *, #1306, .F. ) ;
#916 = DIRECTION ( 'NONE',  ( 1.000000000000000000, 0.000000000000000000, -0.000000000000000000 ) ) ;
#917 = LINE ( 'NONE', #470, #1019 ) ;
#918 = CARTESIAN_POINT ( 'NONE',  ( 1.200000000000000178, 0.1499999999999999944, 0.4999999999999997780 ) ) ;
#919 = DIRECTION ( 'NONE',  ( -0.08682659386424433634, 0.9924325091389677445, 0.08682659386424432246 ) ) ;
#920 = DIRECTION ( 'NONE',  ( 0.000000000000000000, -1.000000000000000000, 0.000000000000000000 ) ) ;
#921 = EDGE_CURVE ( 'NONE', #808, #1762, #757, .T. ) ;
#922 = ORIENTED_EDGE ( 'NONE', *, *, #297, .T. ) ;
#923 = CARTESIAN_POINT ( 'NONE',  ( -1.400000000000000133, 0.1500000000000036582, -0.8999999999999999112 ) ) ;
#924 = VERTEX_POINT ( 'NONE', #478 ) ;
#925 = PLANE ( 'NONE',  #352 ) ;
#926 = EDGE_CURVE ( 'NONE', #1489, #678, #903, .T. ) ;
#927 = PLANE ( 'NONE',  #54 ) ;
#928 = ORIENTED_EDGE ( 'NONE', *, *, #1516, .T. ) ;
#929 = LINE ( 'NONE', #1164, #1536 ) ;
#930 = CARTESIAN_POINT ( 'NONE',  ( -1.850000000000000533, 0.000000000000000000, 0.5000000000000011102 ) ) ;
#931 = CYLINDRICAL_SURFACE ( 'NONE', #1799, 0.05000000000000003053 ) ;
#932 = VERTEX_POINT ( 'NONE', #283 ) ;
#933 = ADVANCED_FACE ( 'NONE', ( #1266 ), #1658, .T. ) ;
#934 = MECHANICAL_DESIGN_GEOMETRIC_PRESENTATION_REPRESENTATION (  '', ( #545 ), #284 ) ;
#935 = DIRECTION ( 'NONE',  ( 0.1736481776669274446, -0.9848077530122086864, -0.000000000000000000 ) ) ;
#936 = AXIS2_PLACEMENT_3D ( 'NONE', #1033, #748, #341 ) ;
#937 = FACE_OUTER_BOUND ( 'NONE', #426, .T. ) ;
#938 = EDGE_CURVE ( 'NONE', #1443, #1734, #837, .T. ) ;
#939 = CARTESIAN_POINT ( 'NONE',  ( 1.350378996049866887, 0.1499999999999928613, 0.8999999999999981348 ) ) ;
#940 = LINE ( 'NONE', #1057, #572 ) ;
#941 = DIRECTION ( 'NONE',  ( 0.000000000000000000, -1.000000000000000000, 0.000000000000000000 ) ) ;
#942 = VECTOR ( 'NONE', #1381, 999.9999999999998863 ) ;
#943 = VECTOR ( 'NONE', #1103, 1000.000000000000000 ) ;
#944 = ORIENTED_EDGE ( 'NONE', *, *, #1133, .T. ) ;
#945 = CARTESIAN_POINT ( 'NONE',  ( 1.382367301929152914, 0.04999999999999991257, 0.8331269142785429072 ) ) ;
#946 = CARTESIAN_POINT ( 'NONE',  ( -1.399999288474558012, 0.1499959647386976402, -0.8505680689551039508 ) ) ;
#947 = CARTESIAN_POINT ( 'NONE',  ( -1.150000000000000133, 0.7999999999999999334, 0.9000000000000001332 ) ) ;
#948 = MANIFOLD_SOLID_BREP ( 'Boss-Extrude2[2]', #147 ) ;
#949 = CARTESIAN_POINT ( 'NONE',  ( 1.288948200627265672, 0.8499999999999999778, 0.8387579355318531826 ) ) ;
#950 = DIRECTION ( 'NONE',  ( 0.000000000000000000, -0.000000000000000000, 1.000000000000000000 ) ) ;
#951 =( BOUNDED_CURVE ( )  B_SPLINE_CURVE ( 3, ( #286, #150, #448, #566 ),
 .UNSPECIFIED., .F., .T. ) 
 B_SPLINE_CURVE_WITH_KNOTS ( ( 4, 4 ),
 ( 2.371273620688812311, 3.911911686490760598 ),
 .UNSPECIFIED. ) 
 CURVE ( )  GEOMETRIC_REPRESENTATION_ITEM ( )  RATIONAL_B_SPLINE_CURVE ( ( 1.000000000000000000, 0.8117923620232483373, 0.8117923620232483373, 1.000000000000000000 ) ) 
 REPRESENTATION_ITEM ( '' )  );
#952 = EDGE_CURVE ( 'NONE', #237, #1589, #590, .T. ) ;
#953 = ORIENTED_EDGE ( 'NONE', *, *, #1002, .F. ) ;
#954 = CARTESIAN_POINT ( 'NONE',  ( -1.200000000000000178, 0.1499999999999999944, 0.5000000000000011102 ) ) ;
#955 = CARTESIAN_POINT ( 'NONE',  ( -1.200000000000000178, 0.1499999999999999944, 0.5500000000000002665 ) ) ;
#956 = ORIENTED_EDGE ( 'NONE', *, *, #730, .F. ) ;
#957 = LINE ( 'NONE', #436, #640 ) ;
#958 = ADVANCED_FACE ( 'NONE', ( #1789 ), #1147, .F. ) ;
#959 = ORIENTED_EDGE ( 'NONE', *, *, #471, .T. ) ;
#960 = CARTESIAN_POINT ( 'NONE',  ( 1.200000000000000178, 0.1499999999999999944, 0.4999999999999997780 ) ) ;
#961 = ORIENTED_EDGE ( 'NONE', *, *, #952, .F. ) ;
#962 = LINE ( 'NONE', #238, #672 ) ;
#963 = STYLED_ITEM ( 'NONE', ( #573 ), #948 ) ;
#964 = ORIENTED_EDGE ( 'NONE', *, *, #452, .F. ) ;
#965 = DIRECTION ( 'NONE',  ( 0.000000000000000000, -0.08715574274765390539, -0.9961946980917458783 ) ) ;
#966 = EDGE_CURVE ( 'NONE', #281, #1280, #1388, .T. ) ;
#967 = ORIENTED_EDGE ( 'NONE', *, *, #1235, .T. ) ;
#968 = COLOUR_RGB ( '',0.7921568627450980005, 0.8196078431372548767, 0.9333333333333333481 ) ;
#969 = PLANE ( 'NONE',  #1027 ) ;
#970 = VECTOR ( 'NONE', #1135, 1000.000000000000114 ) ;
#971 = ORIENTED_EDGE ( 'NONE', *, *, #1146, .T. ) ;
#972 = DIRECTION ( 'NONE',  ( -0.000000000000000000, -0.000000000000000000, 1.000000000000000000 ) ) ;
#973 = ADVANCED_FACE ( 'NONE', ( #606 ), #775, .T. ) ;
#974 = VERTEX_POINT ( 'NONE', #1041 ) ;
#975 = CARTESIAN_POINT ( 'NONE',  ( -1.200000000000000178, 0.000000000000000000, -0.5500000000000007105 ) ) ;
#976 = DIRECTION ( 'NONE',  ( 0.000000000000000000, -0.000000000000000000, -1.000000000000000000 ) ) ;
#977 = ORIENTED_EDGE ( 'NONE', *, *, #1183, .T. ) ;
#978 = DIRECTION ( 'NONE',  ( -0.08682659386424433634, -0.9924325091389677445, -0.08682659386424432246 ) ) ;
#979 = VERTEX_POINT ( 'NONE', #182 ) ;
#980 = ORIENTED_EDGE ( 'NONE', *, *, #704, .T. ) ;
#981 = VERTEX_POINT ( 'NONE', #626 ) ;
#982 = LINE ( 'NONE', #1269, #631 ) ;
#983 = CARTESIAN_POINT ( 'NONE',  ( -1.338757935531853516, 0.8499999999999998668, -0.8181717823131184897 ) ) ;
#984 = EDGE_CURVE ( 'NONE', #1522, #1517, #1030, .T. ) ;
#985 = ORIENTED_EDGE ( 'NONE', *, *, #1183, .F. ) ;
#986 = DIRECTION ( 'NONE',  ( 1.000000000000000000, 0.000000000000000000, 3.336006684570782608E-16 ) ) ;
#987 =( NAMED_UNIT ( * ) PLANE_ANGLE_UNIT ( ) SI_UNIT ( $, .RADIAN. ) );
#988 = VECTOR ( 'NONE', #322, 999.9999999999998863 ) ;
#989 = DIRECTION ( 'NONE',  ( -1.000000000000000000, -0.000000000000000000, -3.336006684570783101E-16 ) ) ;
#990 = VERTEX_POINT ( 'NONE', #1573 ) ;
#991 = FACE_OUTER_BOUND ( 'NONE', #1552, .T. ) ;
#992 = AXIS2_PLACEMENT_3D ( 'NONE', #1446, #358, #74 ) ;
#993 = VECTOR ( 'NONE', #1624, 1000.000000000000000 ) ;
#994 = VERTEX_POINT ( 'NONE', #1549 ) ;
#995 = VECTOR ( 'NONE', #674, 1000.000000000000000 ) ;
#996 = CARTESIAN_POINT ( 'NONE',  ( -1.150000000000000133, 0.8499999999999999778, -0.8387579355318529606 ) ) ;
#997 =( NAMED_UNIT ( * ) PLANE_ANGLE_UNIT ( ) SI_UNIT ( $, .RADIAN. ) );
#998 = EDGE_CURVE ( 'NONE', #453, #67, #330, .T. ) ;
#999 = CARTESIAN_POINT ( 'NONE',  ( 1.382367301929152914, 0.04999999999999991257, 0.4999999999999997780 ) ) ;
#1000 = ORIENTED_EDGE ( 'NONE', *, *, #966, .T. ) ;
#1001 = CARTESIAN_POINT ( 'NONE',  ( -1.850000000000000533, 0.1499999999999999944, -0.5000000000000015543 ) ) ;
#1002 = EDGE_CURVE ( 'NONE', #1069, #423, #483, .T. ) ;
#1003 = CARTESIAN_POINT ( 'NONE',  ( -1.338757935531853294, 0.8499999999999999778, -0.7889482006272655612 ) ) ;
#1004 = VERTEX_POINT ( 'NONE', #475 ) ;
#1005 = LINE ( 'NONE', #451, #294 ) ;
#1006 = DIRECTION ( 'NONE',  ( 1.000000000000000000, 0.000000000000000000, 0.000000000000000000 ) ) ;
#1007 = CARTESIAN_POINT ( 'NONE',  ( 1.270241964962212977, -0.3066382697852846340, 0.8194823526128240943 ) ) ;
#1008 = LINE ( 'NONE', #45, #571 ) ;
#1009 = ADVANCED_FACE ( 'NONE', ( #866 ), #889, .F. ) ;
#1010 = VERTEX_POINT ( 'NONE', #36 ) ;
#1011 = CARTESIAN_POINT ( 'NONE',  ( -1.338757935531853294, 0.8499999999999999778, 0.7889482006272656722 ) ) ;
#1012 = ORIENTED_EDGE ( 'NONE', *, *, #98, .F. ) ;
#1013 = DIRECTION ( 'NONE',  ( -0.1710878697460327669, -0.9702875252478150303, -0.1710878697460327391 ) ) ;
#1014 = UNCERTAINTY_MEASURE_WITH_UNIT (LENGTH_MEASURE( 1.000000000000000082E-05 ), #1125, 'distance_accuracy_value', 'NONE');
#1015 = CARTESIAN_POINT ( 'NONE',  ( -0.000000000000000000, 0.04999999999999991257, 0.5000000000000011102 ) ) ;
#1016 = AXIS2_PLACEMENT_3D ( 'NONE', #1187, #754, #733 ) ;
#1017 = ORIENTED_EDGE ( 'NONE', *, *, #872, .T. ) ;
#1018 = DIRECTION ( 'NONE',  ( -1.000000000000000000, 0.000000000000000000, 0.000000000000000000 ) ) ;
#1019 = VECTOR ( 'NONE', #1458, 999.9999999999998863 ) ;
#1020 = VERTEX_POINT ( 'NONE', #1177 ) ;
#1021 = CARTESIAN_POINT ( 'NONE',  ( 1.350190265095409847, 0.1500000000000036582, -0.8999999999999999112 ) ) ;
#1022 = AXIS2_PLACEMENT_3D ( 'NONE', #811, #819, #950 ) ;
#1023 = CARTESIAN_POINT ( 'NONE',  ( 1.200000000000000178, 0.1499999999999999944, 0.4999999999999997780 ) ) ;
#1024 = EDGE_LOOP ( 'NONE', ( #89, #1365, #1249, #1389 ) ) ;
#1025 = CARTESIAN_POINT ( 'NONE',  ( -1.850000000000000533, 0.1499999999999999944, -0.5000000000000015543 ) ) ;
#1026 = ADVANCED_FACE ( 'NONE', ( #880 ), #1429, .T. ) ;
#1027 = AXIS2_PLACEMENT_3D ( 'NONE', #1763, #1636, #1615 ) ;
#1028 =( LENGTH_UNIT ( ) NAMED_UNIT ( * ) SI_UNIT ( .MILLI., .METRE. ) );
#1029 = VECTOR ( 'NONE', #857, 1000.000000000000000 ) ;
#1030 = LINE ( 'NONE', #1166, #1386 ) ;
#1031 = CARTESIAN_POINT ( 'NONE',  ( -1.000000000000000222, 0.000000000000000000, 0.000000000000000000 ) ) ;
#1032 = ORIENTED_EDGE ( 'NONE', *, *, #1751, .F. ) ;
#1033 = CARTESIAN_POINT ( 'NONE',  ( -1.400000000000000133, 0.1500000000000036582, -0.8999999999999999112 ) ) ;
#1034 = EDGE_LOOP ( 'NONE', ( #1613, #1586, #1495, #1089, #1727, #967 ) ) ;
#1035 = DIRECTION ( 'NONE',  ( -0.08682659386424433634, -0.9924325091389677445, -0.08682659386424433634 ) ) ;
#1036 = AXIS2_PLACEMENT_3D ( 'NONE', #1031, #1285, #27 ) ;
#1037 = EDGE_CURVE ( 'NONE', #142, #1387, #1295, .T. ) ;
#1038 = DIRECTION ( 'NONE',  ( 0.000000000000000000, 0.000000000000000000, -1.000000000000000000 ) ) ;
#1039 = ORIENTED_EDGE ( 'NONE', *, *, #1456, .F. ) ;
#1040 = CARTESIAN_POINT ( 'NONE',  ( 1.399997865446313439, 0.1499878943444899193, -0.8507574777957032097 ) ) ;
#1041 = CARTESIAN_POINT ( 'NONE',  ( 0.2500000000000000000, 0.04999999999999991257, -0.5500000000000007105 ) ) ;
#1042 = PLANE ( 'NONE',  #351 ) ;
#1043 = EDGE_LOOP ( 'NONE', ( #1179, #1047, #756, #747, #785, #472 ) ) ;
#1044 = ORIENTED_EDGE ( 'NONE', *, *, #407, .T. ) ;
#1045 = DIRECTION ( 'NONE',  ( -1.000000000000000000, 0.000000000000000000, 0.000000000000000000 ) ) ;
#1046 = SURFACE_STYLE_USAGE ( .BOTH. , #1310 ) ;
#1047 = ORIENTED_EDGE ( 'NONE', *, *, #500, .F. ) ;
#1048 = DIRECTION ( 'NONE',  ( 1.000000000000000000, 0.000000000000000000, 0.000000000000000000 ) ) ;
#1049 = EDGE_CURVE ( 'NONE', #1652, #1543, #764, .T. ) ;
#1050 = CARTESIAN_POINT ( 'NONE',  ( -0.000000000000000000, 0.04999999999999991257, 0.5500000000000002665 ) ) ;
#1051 = CARTESIAN_POINT ( 'NONE',  ( -1.150000000000000133, 0.8499999999999999778, 0.8387579355318531826 ) ) ;
#1052 = ORIENTED_EDGE ( 'NONE', *, *, #231, .F. ) ;
#1053 = ADVANCED_FACE ( 'NONE', ( #1155 ), #1582, .F. ) ;
#1054 = DIRECTION ( 'NONE',  ( -0.1710878697460327114, 0.9702875252478149193, -0.1710878697460327114 ) ) ;
#1055 = FACE_OUTER_BOUND ( 'NONE', #270, .T. ) ;
#1056 = LINE ( 'NONE', #1610, #1314 ) ;
#1057 = CARTESIAN_POINT ( 'NONE',  ( -1.200000000000000178, 0.1499999999999999944, 0.5500000000000002665 ) ) ;
#1058 = DIRECTION ( 'NONE',  ( 0.000000000000000000, -0.000000000000000000, -1.000000000000000000 ) ) ;
#1059 = ADVANCED_FACE ( 'NONE', ( #618 ), #1332, .F. ) ;
#1060 = AXIS2_PLACEMENT_3D ( 'NONE', #60, #614, #1172 ) ;
#1061 = ORIENTED_EDGE ( 'NONE', *, *, #804, .T. ) ;
#1062 = DIRECTION ( 'NONE',  ( -0.1710878697460327114, -0.9702875252478149193, -0.1710878697460327114 ) ) ;
#1063 = CARTESIAN_POINT ( 'NONE',  ( -1.150000000000000133, 0.7999999999999999334, 0.8431323687081492269 ) ) ;
#1064 = CARTESIAN_POINT ( 'NONE',  ( -1.350190265095410069, 0.1500000000000036582, -0.8999999999999999112 ) ) ;
#1065 = VERTEX_POINT ( 'NONE', #375 ) ;
#1066 = DIRECTION ( 'NONE',  ( 0.000000000000000000, 0.000000000000000000, -1.000000000000000000 ) ) ;
#1067 = LINE ( 'NONE', #1741, #1361 ) ;
#1068 = CARTESIAN_POINT ( 'NONE',  ( -1.200000000000000178, 0.1499999999999999944, 0.5500000000000002665 ) ) ;
#1069 = VERTEX_POINT ( 'NONE', #1770 ) ;
#1070 = EDGE_CURVE ( 'NONE', #1078, #932, #84, .T. ) ;
#1071 = ORIENTED_EDGE ( 'NONE', *, *, #1140, .T. ) ;
#1072 = CARTESIAN_POINT ( 'NONE',  ( -1.200000000000000178, 0.000000000000000000, 0.5000000000000011102 ) ) ;
#1073 = CARTESIAN_POINT ( 'NONE',  ( 1.850000000000000089, 0.000000000000000000, 0.4999999999999997780 ) ) ;
#1074 = PLANE ( 'NONE',  #700 ) ;
#1075 = ADVANCED_FACE ( 'NONE', ( #810 ), #1084, .T. ) ;
#1076 = DIRECTION ( 'NONE',  ( 0.000000000000000000, -1.000000000000000000, 0.000000000000000000 ) ) ;
#1077 = PLANE ( 'NONE',  #992 ) ;
#1078 = VERTEX_POINT ( 'NONE', #492 ) ;
#1079 = PLANE ( 'NONE',  #525 ) ;
#1080 = VECTOR ( 'NONE', #333, 1000.000000000000000 ) ;
#1081 = DIRECTION ( 'NONE',  ( 0.000000000000000000, 0.000000000000000000, 1.000000000000000000 ) ) ;
#1082 = CARTESIAN_POINT ( 'NONE',  ( -1.850000000000000533, 0.1499999999999999944, 0.5000000000000011102 ) ) ;
#1083 = EDGE_CURVE ( 'NONE', #1462, #168, #1201, .T. ) ;
#1084 = PLANE ( 'NONE',  #901 ) ;
#1085 = DIRECTION ( 'NONE',  ( 0.000000000000000000, 0.08715574274765489071, -0.9961946980917458783 ) ) ;
#1086 = VECTOR ( 'NONE', #1369, 1000.000000000000000 ) ;
#1087 = AXIS2_PLACEMENT_3D ( 'NONE', #863, #562, #986 ) ;
#1088 =( BOUNDED_CURVE ( )  B_SPLINE_CURVE ( 3, ( #48, #362, #787, #621 ),
 .UNSPECIFIED., .F., .T. ) 
 B_SPLINE_CURVE_WITH_KNOTS ( ( 4, 4 ),
 ( 3.164853573124250197, 3.176134605347445294 ),
 .UNSPECIFIED. ) 
 CURVE ( )  GEOMETRIC_REPRESENTATION_ITEM ( )  RATIONAL_B_SPLINE_CURVE ( ( 1.000000000000000000, 0.9999893948874488681, 0.9999893948874488681, 1.000000000000000000 ) ) 
 REPRESENTATION_ITEM ( '' )  );
#1089 = ORIENTED_EDGE ( 'NONE', *, *, #780, .T. ) ;
#1090 = FACE_OUTER_BOUND ( 'NONE', #778, .T. ) ;
#1091 = DIRECTION ( 'NONE',  ( 1.000000000000000000, 0.000000000000000000, 0.000000000000000000 ) ) ;
#1092 = EDGE_CURVE ( 'NONE', #724, #1652, #940, .T. ) ;
#1093 = DIRECTION ( 'NONE',  ( -0.000000000000000000, -1.000000000000000000, -0.000000000000000000 ) ) ;
#1094 = CARTESIAN_POINT ( 'NONE',  ( -1.200000000000000178, 0.04999999999999991257, -0.5000000000000015543 ) ) ;
#1095 = ORIENTED_EDGE ( 'NONE', *, *, #938, .F. ) ;
#1096 = CARTESIAN_POINT ( 'NONE',  ( 1.399999999999999689, 0.8499999999999999778, 0.8387579355318531826 ) ) ;
#1097 = DIRECTION ( 'NONE',  ( 0.000000000000000000, 0.000000000000000000, -1.000000000000000000 ) ) ;
#1098 = VERTEX_POINT ( 'NONE', #659 ) ;
#1099 = CARTESIAN_POINT ( 'NONE',  ( 1.200000000000000178, 0.000000000000000000, 0.4999999999999997780 ) ) ;
#1100 = ORIENTED_EDGE ( 'NONE', *, *, #1603, .F. ) ;
#1101 = EDGE_CURVE ( 'NONE', #913, #1341, #793, .T. ) ;
#1102 = ORIENTED_EDGE ( 'NONE', *, *, #1330, .F. ) ;
#1103 = DIRECTION ( 'NONE',  ( 1.000000000000000000, 0.000000000000000000, -0.000000000000000000 ) ) ;
#1104 = VECTOR ( 'NONE', #1343, 1000.000000000000000 ) ;
#1105 = ORIENTED_EDGE ( 'NONE', *, *, #758, .T. ) ;
#1106 = LINE ( 'NONE', #1082, #1278 ) ;
#1107 = VECTOR ( 'NONE', #186, 1000.000000000000000 ) ;
#1108 = VERTEX_POINT ( 'NONE', #949 ) ;
#1109 = LINE ( 'NONE', #828, #1161 ) ;
#1110 = VECTOR ( 'NONE', #1708, 999.9999999999998863 ) ;
#1111 = VERTEX_POINT ( 'NONE', #1222 ) ;
#1112 = AXIS2_PLACEMENT_3D ( 'NONE', #206, #1035, #760 ) ;
#1113 = CARTESIAN_POINT ( 'NONE',  ( -1.382367301929153358, 0.04999999999999991257, 0.8331269142785429072 ) ) ;
#1114 = VECTOR ( 'NONE', #347, 1000.000000000000000 ) ;
#1115 = CARTESIAN_POINT ( 'NONE',  ( -1.150000000000000133, 0.8499999999999999778, 0.8387579355318531826 ) ) ;
#1116 = EDGE_LOOP ( 'NONE', ( #1044, #1148, #302, #33 ) ) ;
#1117 =( LENGTH_UNIT ( ) NAMED_UNIT ( * ) SI_UNIT ( .MILLI., .METRE. ) );
#1118 = ORIENTED_EDGE ( 'NONE', *, *, #47, .F. ) ;
#1119 = LINE ( 'NONE', #157, #970 ) ;
#1120 = EDGE_CURVE ( 'NONE', #840, #1462, #1759, .T. ) ;
#1121 = LINE ( 'NONE', #315, #1678 ) ;
#1122 = VERTEX_POINT ( 'NONE', #1749 ) ;
#1123 = ORIENTED_EDGE ( 'NONE', *, *, #1456, .T. ) ;
#1124 = PRESENTATION_STYLE_ASSIGNMENT (( #181 ) ) ;
#1125 =( LENGTH_UNIT ( ) NAMED_UNIT ( * ) SI_UNIT ( .MILLI., .METRE. ) );
#1126 = CARTESIAN_POINT ( 'NONE',  ( 1.338757935531852850, 0.8499999999999999778, -0.7889482006272655612 ) ) ;
#1127 = ORIENTED_EDGE ( 'NONE', *, *, #926, .F. ) ;
#1128 = CARTESIAN_POINT ( 'NONE',  ( -1.288948200627265894, 0.8499999999999999778, -0.8387579355318529606 ) ) ;
#1129 = CARTESIAN_POINT ( 'NONE',  ( -1.200000000000000178, 0.1499999999999999944, 0.5000000000000011102 ) ) ;
#1130 = ORIENTED_EDGE ( 'NONE', *, *, #560, .F. ) ;
#1131 = CARTESIAN_POINT ( 'NONE',  ( -1.352200930650073074, 0.1581741222749513398, 0.9014413183006833030 ) ) ;
#1132 = CARTESIAN_POINT ( 'NONE',  ( -1.150000000000000133, 0.000000000000000000, 0.000000000000000000 ) ) ;
#1133 = EDGE_CURVE ( 'NONE', #603, #1525, #1601, .T. ) ;
#1134 = VERTEX_POINT ( 'NONE', #513 ) ;
#1135 = DIRECTION ( 'NONE',  ( 0.000000000000000000, 0.9961946980917455452, 0.08715574274765772178 ) ) ;
#1136 = PLANE ( 'NONE',  #145 ) ;
#1137 = VECTOR ( 'NONE', #716, 1000.000000000000000 ) ;
#1138 = ORIENTED_EDGE ( 'NONE', *, *, #509, .T. ) ;
#1139 = CARTESIAN_POINT ( 'NONE',  ( 1.399999288474557790, 0.1499959647386982509, 0.8505680689551045059 ) ) ;
#1140 = EDGE_CURVE ( 'NONE', #1455, #841, #1618, .T. ) ;
#1141 = CARTESIAN_POINT ( 'NONE',  ( -1.000000000000000222, 0.8499999999999999778, -0.8387579355318529606 ) ) ;
#1142 = DIRECTION ( 'NONE',  ( 0.000000000000000000, 0.000000000000000000, 1.000000000000000000 ) ) ;
#1143 = ORIENTED_EDGE ( 'NONE', *, *, #88, .T. ) ;
#1144 = DIRECTION ( 'NONE',  ( 0.000000000000000000, -0.1736481776669273891, -0.9848077530122085754 ) ) ;
#1145 = ORIENTED_EDGE ( 'NONE', *, *, #804, .F. ) ;
#1146 = EDGE_CURVE ( 'NONE', #1259, #1695, #1469, .T. ) ;
#1147 = PLANE ( 'NONE',  #1016 ) ;
#1148 = ORIENTED_EDGE ( 'NONE', *, *, #1490, .T. ) ;
#1149 = APPLICATION_CONTEXT ( 'automotive_design' ) ;
#1150 = EDGE_CURVE ( 'NONE', #556, #979, #637, .T. ) ;
#1151 = CARTESIAN_POINT ( 'NONE',  ( 1.348753411787059209, -0.1406338440494860897, -0.7995130241364489798 ) ) ;
#1152 =( NAMED_UNIT ( * ) PLANE_ANGLE_UNIT ( ) SI_UNIT ( $, .RADIAN. ) );
#1153 = EDGE_LOOP ( 'NONE', ( #1561, #278, #285, #1513, #335, #481, #1431, #105 ) ) ;
#1154 = CARTESIAN_POINT ( 'NONE',  ( -1.850000000000000533, 0.000000000000000000, -0.5000000000000015543 ) ) ;
#1155 = FACE_OUTER_BOUND ( 'NONE', #1375, .T. ) ;
#1156 = LINE ( 'NONE', #1574, #731 ) ;
#1157 = AXIS2_PLACEMENT_3D ( 'NONE', #199, #1323, #1692 ) ;
#1158 = ORIENTED_EDGE ( 'NONE', *, *, #500, .T. ) ;
#1159 = EDGE_CURVE ( 'NONE', #152, #812, #1067, .T. ) ;
#1160 = CARTESIAN_POINT ( 'NONE',  ( 1.399999999999998135, 0.1499999999999930833, -0.8503789960498673306 ) ) ;
#1161 = VECTOR ( 'NONE', #531, 1000.000000000000000 ) ;
#1162 = PLANE ( 'NONE',  #1558 ) ;
#1163 = ORIENTED_EDGE ( 'NONE', *, *, #921, .T. ) ;
#1164 = CARTESIAN_POINT ( 'NONE',  ( 1.200000000000000178, 0.000000000000000000, 0.4999999999999997780 ) ) ;
#1165 = VECTOR ( 'NONE', #1376, 1000.000000000000000 ) ;
#1166 = CARTESIAN_POINT ( 'NONE',  ( 1.382367301929152914, 0.04999999999999991257, -0.000000000000000000 ) ) ;
#1167 = DIRECTION ( 'NONE',  ( -0.08682659386424433634, 0.9924325091389677445, -0.08682659386424433634 ) ) ;
#1168 = VERTEX_POINT ( 'NONE', #111 ) ;
#1169 = CARTESIAN_POINT ( 'NONE',  ( -1.400000000000000133, 0.8499999999999999778, -0.8387579355318529606 ) ) ;
#1170 = PRODUCT_DEFINITION_SHAPE ( 'NONE', 'NONE',  #1224 ) ;
#1171 = ORIENTED_EDGE ( 'NONE', *, *, #269, .T. ) ;
#1172 = DIRECTION ( 'NONE',  ( 0.000000000000000000, 0.000000000000000000, 1.000000000000000000 ) ) ;
#1173 = EDGE_CURVE ( 'NONE', #633, #1180, #1611, .T. ) ;
#1174 = CARTESIAN_POINT ( 'NONE',  ( 1.399999999999999689, 0.1500000000000036582, 0.9000000000000001332 ) ) ;
#1175 = ORIENTED_EDGE ( 'NONE', *, *, #407, .F. ) ;
#1176 = CARTESIAN_POINT ( 'NONE',  ( -1.338757935531853294, 0.8499999999999999778, -0.000000000000000000 ) ) ;
#1177 = CARTESIAN_POINT ( 'NONE',  ( -1.288948200627265894, 0.8499999999999999778, 0.8387579355318531826 ) ) ;
#1178 = CARTESIAN_POINT ( 'NONE',  ( -1.000000000000000222, 0.7999999999999999334, -0.8431323687081491158 ) ) ;
#1179 = ORIENTED_EDGE ( 'NONE', *, *, #1146, .F. ) ;
#1180 = VERTEX_POINT ( 'NONE', #652 ) ;
#1181 = VECTOR ( 'NONE', #814, 1000.000000000000000 ) ;
#1182 = DIRECTION ( 'NONE',  ( 0.000000000000000000, -0.9961946980917457672, 0.08715574274765558460 ) ) ;
#1183 = EDGE_CURVE ( 'NONE', #369, #1111, #707, .T. ) ;
#1184 = PLANE ( 'NONE',  #549 ) ;
#1185 = ORIENTED_EDGE ( 'NONE', *, *, #1083, .T. ) ;
#1186 = PLANE ( 'NONE',  #849 ) ;
#1187 = CARTESIAN_POINT ( 'NONE',  ( -1.000000000000000222, 0.8499999999999999778, 0.8387579355318531826 ) ) ;
#1188 = DIRECTION ( 'NONE',  ( 1.000000000000000000, 0.000000000000000000, 0.000000000000000000 ) ) ;
#1189 = VECTOR ( 'NONE', #1486, 1000.000000000000000 ) ;
#1190 = ORIENTED_EDGE ( 'NONE', *, *, #1192, .F. ) ;
#1191 = CARTESIAN_POINT ( 'NONE',  ( -1.200000000000000178, 0.1499999999999999944, -0.5000000000000015543 ) ) ;
#1192 = EDGE_CURVE ( 'NONE', #669, #272, #208, .T. ) ;
#1193 = ORIENTED_EDGE ( 'NONE', *, *, #1554, .T. ) ;
#1194 = DIRECTION ( 'NONE',  ( -0.000000000000000000, -0.000000000000000000, 1.000000000000000000 ) ) ;
#1195 = VECTOR ( 'NONE', #649, 1000.000000000000000 ) ;
#1196 = LINE ( 'NONE', #1698, #23 ) ;
#1197 = ORIENTED_EDGE ( 'NONE', *, *, #682, .T. ) ;
#1198 = DIRECTION ( 'NONE',  ( 0.000000000000000000, -1.000000000000000000, 0.000000000000000000 ) ) ;
#1199 = AXIS2_PLACEMENT_3D ( 'NONE', #1263, #425, #871 ) ;
#1200 = VECTOR ( 'NONE', #504, 999.9999999999998863 ) ;
#1201 = LINE ( 'NONE', #386, #110 ) ;
#1202 = LINE ( 'NONE', #66, #1424 ) ;
#1203 = VECTOR ( 'NONE', #916, 1000.000000000000000 ) ;
#1204 = MANIFOLD_SOLID_BREP ( 'Cut-Extrude3', #95 ) ;
#1205 = ORIENTED_EDGE ( 'NONE', *, *, #1751, .T. ) ;
#1206 =( BOUNDED_CURVE ( )  B_SPLINE_CURVE ( 3, ( #1236, #1503, #681, #384 ),
 .UNSPECIFIED., .F., .T. ) 
 B_SPLINE_CURVE_WITH_KNOTS ( ( 4, 4 ),
 ( 0.02326091953446128915, 0.03454195175764381703 ),
 .UNSPECIFIED. ) 
 CURVE ( )  GEOMETRIC_REPRESENTATION_ITEM ( )  RATIONAL_B_SPLINE_CURVE ( ( 1.000000000000000000, 0.9999893948874488681, 0.9999893948874488681, 1.000000000000000000 ) ) 
 REPRESENTATION_ITEM ( '' )  );
#1207 = ORIENTED_EDGE ( 'NONE', *, *, #833, .F. ) ;
#1208 = ADVANCED_FACE ( 'NONE', ( #1055 ), #177, .F. ) ;
#1209 = CARTESIAN_POINT ( 'NONE',  ( 1.350190265095409847, 0.1500000000000036582, 0.9000000000000001332 ) ) ;
#1210 = ADVANCED_FACE ( 'NONE', ( #906 ), #1184, .F. ) ;
#1211 = DIRECTION ( 'NONE',  ( -0.1710878697460327391, 0.9702875252478150303, -0.1710878697460327669 ) ) ;
#1212 = VERTEX_POINT ( 'NONE', #1328 ) ;
#1213 = CARTESIAN_POINT ( 'NONE',  ( 1.350757477795702544, 0.1499878943444901414, -0.8999978654463136607 ) ) ;
#1214 = CARTESIAN_POINT ( 'NONE',  ( 1.668003342285393523E-16, 0.04999999999999991257, -0.5000000000000006661 ) ) ;
#1215 = CARTESIAN_POINT ( 'NONE',  ( 0.000000000000000000, 0.8499999999999999778, 0.000000000000000000 ) ) ;
#1216 = ADVANCED_FACE ( 'NONE', ( #480 ), #1162, .F. ) ;
#1217 = ORIENTED_EDGE ( 'NONE', *, *, #704, .F. ) ;
#1218 = FACE_OUTER_BOUND ( 'NONE', #215, .T. ) ;
#1219 = ADVANCED_FACE ( 'NONE', ( #41 ), #1300, .T. ) ;
#1220 = LINE ( 'NONE', #1755, #539 ) ;
#1221 = PLANE ( 'NONE',  #1313 ) ;
#1222 = CARTESIAN_POINT ( 'NONE',  ( -1.333126914278542907, 0.04999999999999991257, -0.8823673019291530251 ) ) ;
#1223 = CARTESIAN_POINT ( 'NONE',  ( 1.200000000000000178, 0.04999999999999991257, 0.000000000000000000 ) ) ;
#1224 = PRODUCT_DEFINITION ( 'UNKNOWN', '', #497, #589 ) ;
#1225 = EDGE_LOOP ( 'NONE', ( #56, #709, #705, #18 ) ) ;
#1226 = DIRECTION ( 'NONE',  ( 0.000000000000000000, 0.000000000000000000, 1.000000000000000000 ) ) ;
#1227 = LINE ( 'NONE', #534, #1195 ) ;
#1228 = SURFACE_SIDE_STYLE ('',( #409 ) ) ;
#1229 = CARTESIAN_POINT ( 'NONE',  ( 1.850000000000000089, 0.1499999999999999944, 0.4999999999999997780 ) ) ;
#1230 = FACE_OUTER_BOUND ( 'NONE', #1301, .T. ) ;
#1231 =( GEOMETRIC_REPRESENTATION_CONTEXT ( 3 ) GLOBAL_UNCERTAINTY_ASSIGNED_CONTEXT ( ( #1548 ) ) GLOBAL_UNIT_ASSIGNED_CONTEXT ( ( #1377, #1494, #141 ) ) REPRESENTATION_CONTEXT ( 'NONE', 'WORKASPACE' ) );
#1232 = ORIENTED_EDGE ( 'NONE', *, *, #259, .T. ) ;
#1233 = DIRECTION ( 'NONE',  ( 0.000000000000000000, -1.000000000000000000, 0.000000000000000000 ) ) ;
#1234 = DIRECTION ( 'NONE',  ( 0.000000000000000000, 0.000000000000000000, -1.000000000000000000 ) ) ;
#1235 = EDGE_CURVE ( 'NONE', #1525, #1738, #1196, .T. ) ;
#1236 = CARTESIAN_POINT ( 'NONE',  ( 1.350190265095409847, 0.1500000000000036582, -0.8999999999999999112 ) ) ;
#1237 = EDGE_LOOP ( 'NONE', ( #1138, #127, #247, #328 ) ) ;
#1238 = FILL_AREA_STYLE ('',( #676 ) ) ;
#1239 = ORIENTED_EDGE ( 'NONE', *, *, #398, .T. ) ;
#1240 = DIRECTION ( 'NONE',  ( -1.000000000000000000, 0.000000000000000000, -0.000000000000000000 ) ) ;
#1241 = CARTESIAN_POINT ( 'NONE',  ( 0.2500000000000000000, 0.1499999999999999944, 0.5500000000000002665 ) ) ;
#1242 = DIRECTION ( 'NONE',  ( -0.000000000000000000, -1.000000000000000000, -0.000000000000000000 ) ) ;
#1243 = ORIENTED_EDGE ( 'NONE', *, *, #1002, .T. ) ;
#1244 = FACE_OUTER_BOUND ( 'NONE', #1043, .T. ) ;
#1245 = ORIENTED_EDGE ( 'NONE', *, *, #1379, .T. ) ;
#1246 = DIRECTION ( 'NONE',  ( -1.000000000000000000, 0.000000000000000000, 0.000000000000000000 ) ) ;
#1247 = CARTESIAN_POINT ( 'NONE',  ( -1.399999288474558012, 0.1499959647386982509, 0.8505680689551045059 ) ) ;
#1248 = AXIS2_PLACEMENT_3D ( 'NONE', #1304, #1419, #1436 ) ;
#1249 = ORIENTED_EDGE ( 'NONE', *, *, #1037, .T. ) ;
#1250 = LINE ( 'NONE', #546, #435 ) ;
#1251 = EDGE_CURVE ( 'NONE', #593, #1108, #896, .T. ) ;
#1252 = AXIS2_PLACEMENT_3D ( 'NONE', #135, #394, #965 ) ;
#1253 = ORIENTED_EDGE ( 'NONE', *, *, #1235, .F. ) ;
#1254 = VECTOR ( 'NONE', #1756, 1000.000000000000114 ) ;
#1255 = VECTOR ( 'NONE', #1260, 1000.000000000000000 ) ;
#1256 = EDGE_CURVE ( 'NONE', #924, #506, #917, .T. ) ;
#1257 = DIRECTION ( 'NONE',  ( 0.000000000000000000, 0.000000000000000000, -1.000000000000000000 ) ) ;
#1258 =( BOUNDED_CURVE ( )  B_SPLINE_CURVE ( 3, ( #536, #1247, #825, #688 ),
 .UNSPECIFIED., .F., .T. ) 
 B_SPLINE_CURVE_WITH_KNOTS ( ( 4, 4 ),
 ( 3.107050701832129835, 3.118331734055333815 ),
 .UNSPECIFIED. ) 
 CURVE ( )  GEOMETRIC_REPRESENTATION_ITEM ( )  RATIONAL_B_SPLINE_CURVE ( ( 1.000000000000000000, 0.9999893948874488681, 0.9999893948874488681, 1.000000000000000000 ) ) 
 REPRESENTATION_ITEM ( '' )  );
#1259 = VERTEX_POINT ( 'NONE', #334 ) ;
#1260 = DIRECTION ( 'NONE',  ( -1.000000000000000000, -0.000000000000000000, -0.000000000000000000 ) ) ;
#1261 = ORIENTED_EDGE ( 'NONE', *, *, #984, .F. ) ;
#1262 = LINE ( 'NONE', #416, #1731 ) ;
#1263 = CARTESIAN_POINT ( 'NONE',  ( 0.000000000000000000, 0.7999999999999999334, 0.000000000000000000 ) ) ;
#1264 = ORIENTED_EDGE ( 'NONE', *, *, #259, .F. ) ;
#1265 = DIRECTION ( 'NONE',  ( -0.000000000000000000, -1.000000000000000000, -0.000000000000000000 ) ) ;
#1266 = FACE_OUTER_BOUND ( 'NONE', #848, .T. ) ;
#1267 = CARTESIAN_POINT ( 'NONE',  ( -1.150000000000000133, 0.8499999999999999778, -0.8387579355318529606 ) ) ;
#1268 = ORIENTED_EDGE ( 'NONE', *, *, #1499, .F. ) ;
#1269 = CARTESIAN_POINT ( 'NONE',  ( 1.200000000000000178, 0.1499999999999999944, 0.4999999999999997780 ) ) ;
#1270 = LINE ( 'NONE', #158, #766 ) ;
#1271 = EDGE_CURVE ( 'NONE', #1065, #1443, #1442, .T. ) ;
#1272 = EDGE_LOOP ( 'NONE', ( #1416, #222, #959, #646 ) ) ;
#1273 = ORIENTED_EDGE ( 'NONE', *, *, #1412, .F. ) ;
#1274 = CYLINDRICAL_SURFACE ( 'NONE', #143, 0.05000000000000005829 ) ;
#1275 = CARTESIAN_POINT ( 'NONE',  ( -1.338757935531853294, 0.8499999999999999778, 0.9000000000000001332 ) ) ;
#1276 = ORIENTED_EDGE ( 'NONE', *, *, #578, .T. ) ;
#1277 = CARTESIAN_POINT ( 'NONE',  ( 0.2500000000000000000, 0.1499999999999999944, -0.5500000000000007105 ) ) ;
#1278 = VECTOR ( 'NONE', #418, 1000.000000000000000 ) ;
#1279 = EDGE_CURVE ( 'NONE', #1734, #913, #761, .T. ) ;
#1280 = VERTEX_POINT ( 'NONE', #1064 ) ;
#1281 = VERTEX_POINT ( 'NONE', #510 ) ;
#1282 =( NAMED_UNIT ( * ) SI_UNIT ( $, .STERADIAN. ) SOLID_ANGLE_UNIT ( ) );
#1283 = UNCERTAINTY_MEASURE_WITH_UNIT (LENGTH_MEASURE( 1.000000000000000082E-05 ), #1028, 'distance_accuracy_value', 'NONE');
#1284 = CARTESIAN_POINT ( 'NONE',  ( -1.350378996049867331, 0.1499999999999930833, -0.8999999999999980238 ) ) ;
#1285 = DIRECTION ( 'NONE',  ( 1.000000000000000000, -0.000000000000000000, 0.000000000000000000 ) ) ;
#1286 = EDGE_CURVE ( 'NONE', #149, #841, #1227, .T. ) ;
#1287 = ORIENTED_EDGE ( 'NONE', *, *, #547, .F. ) ;
#1288 = CARTESIAN_POINT ( 'NONE',  ( 1.333126914278542241, 0.04999999999999991257, -0.8823673019291530251 ) ) ;
#1289 = VERTEX_POINT ( 'NONE', #526 ) ;
#1290 = LINE ( 'NONE', #1151, #463 ) ;
#1291 = CARTESIAN_POINT ( 'NONE',  ( -1.200000000000000178, 0.1499999999999999944, -0.5500000000000007105 ) ) ;
#1292 = ORIENTED_EDGE ( 'NONE', *, *, #231, .T. ) ;
#1293 = ORIENTED_EDGE ( 'NONE', *, *, #1524, .T. ) ;
#1294 = DIRECTION ( 'NONE',  ( -0.1710878697460327114, 0.9702875252478149193, 0.1710878697460327114 ) ) ;
#1295 = LINE ( 'NONE', #1712, #817 ) ;
#1296 = CARTESIAN_POINT ( 'NONE',  ( 1.338757935531852850, 0.8499999999999999778, 0.000000000000000000 ) ) ;
#1297 = ORIENTED_EDGE ( 'NONE', *, *, #242, .T. ) ;
#1298 = ORIENTED_EDGE ( 'NONE', *, *, #1418, .F. ) ;
#1299 = LINE ( 'NONE', #68, #30 ) ;
#1300 = PLANE ( 'NONE',  #870 ) ;
#1301 = EDGE_LOOP ( 'NONE', ( #156, #1538, #1635, #964, #616, #1207 ) ) ;
#1302 = FACE_OUTER_BOUND ( 'NONE', #1034, .T. ) ;
#1303 = AXIS2_PLACEMENT_3D ( 'NONE', #1174, #885, #1038 ) ;
#1304 = CARTESIAN_POINT ( 'NONE',  ( -1.000000000000000222, 0.7999999999999999334, 0.8431323687081492269 ) ) ;
#1305 = FACE_OUTER_BOUND ( 'NONE', #1505, .T. ) ;
#1306 = EDGE_CURVE ( 'NONE', #932, #1098, #1348, .T. ) ;
#1307 = ORIENTED_EDGE ( 'NONE', *, *, #1192, .T. ) ;
#1308 = CARTESIAN_POINT ( 'NONE',  ( 1.270241964962212755, -0.3066382697852845785, -0.8194823526128238722 ) ) ;
#1309 = PLANE ( 'NONE',  #1060 ) ;
#1310 = SURFACE_SIDE_STYLE ('',( #69 ) ) ;
#1311 = ORIENTED_EDGE ( 'NONE', *, *, #1379, .F. ) ;
#1312 = FACE_OUTER_BOUND ( 'NONE', #213, .T. ) ;
#1313 = AXIS2_PLACEMENT_3D ( 'NONE', #947, #528, #816 ) ;
#1314 = VECTOR ( 'NONE', #473, 1000.000000000000000 ) ;
#1315 = DIRECTION ( 'NONE',  ( 1.000000000000000000, 0.000000000000000000, 3.336006684570782608E-16 ) ) ;
#1316 = CARTESIAN_POINT ( 'NONE',  ( 0.000000000000000000, 0.000000000000000000, 0.000000000000000000 ) ) ;
#1317 =( BOUNDED_CURVE ( )  B_SPLINE_CURVE ( 3, ( #1794, #303, #1653, #1113 ),
 .UNSPECIFIED., .F., .T. ) 
 B_SPLINE_CURVE_WITH_KNOTS ( ( 4, 4 ),
 ( 5.512866274278614753, 7.053504340080555934 ),
 .UNSPECIFIED. ) 
 CURVE ( )  GEOMETRIC_REPRESENTATION_ITEM ( )  RATIONAL_B_SPLINE_CURVE ( ( 1.000000000000000000, 0.8117923620232501136, 0.8117923620232501136, 1.000000000000000000 ) ) 
 REPRESENTATION_ITEM ( '' )  );
#1318 = ORIENTED_EDGE ( 'NONE', *, *, #22, .F. ) ;
#1319 = LINE ( 'NONE', #779, #1203 ) ;
#1320 = DIRECTION ( 'NONE',  ( -0.000000000000000000, -1.000000000000000000, -0.000000000000000000 ) ) ;
#1321 = ORIENTED_EDGE ( 'NONE', *, *, #39, .F. ) ;
#1322 = CARTESIAN_POINT ( 'NONE',  ( 1.200000000000000178, 0.04999999999999991257, 0.4999999999999997780 ) ) ;
#1323 = DIRECTION ( 'NONE',  ( 0.000000000000000000, 0.08715574274765489071, 0.9961946980917458783 ) ) ;
#1324 = DIRECTION ( 'NONE',  ( -1.000000000000000000, 0.000000000000000000, -0.000000000000000000 ) ) ;
#1325 = ORIENTED_EDGE ( 'NONE', *, *, #187, .F. ) ;
#1326 = VERTEX_POINT ( 'NONE', #1776 ) ;
#1327 = LINE ( 'NONE', #78, #847 ) ;
#1328 = CARTESIAN_POINT ( 'NONE',  ( -1.150000000000000133, 0.7999999999999999334, -0.8431323687081491158 ) ) ;
#1329 = ORIENTED_EDGE ( 'NONE', *, *, #912, .F. ) ;
#1330 = EDGE_CURVE ( 'NONE', #1111, #281, #1473, .T. ) ;
#1331 = CARTESIAN_POINT ( 'NONE',  ( 1.379562658168909106, 0.1487605537404349532, -0.8997814521833003010 ) ) ;
#1332 = PLANE ( 'NONE',  #49 ) ;
#1333 = DIRECTION ( 'NONE',  ( -0.000000000000000000, -1.000000000000000000, -0.000000000000000000 ) ) ;
#1334 = ADVANCED_FACE ( 'NONE', ( #225 ), #1465, .F. ) ;
#1335 = VECTOR ( 'NONE', #1320, 1000.000000000000000 ) ;
#1336 = VERTEX_POINT ( 'NONE', #1608 ) ;
#1337 = VECTOR ( 'NONE', #1674, 1000.000000000000000 ) ;
#1338 = VERTEX_POINT ( 'NONE', #1241 ) ;
#1339 = CARTESIAN_POINT ( 'NONE',  ( 0.000000000000000000, 0.7999999999999999334, -0.8431323687081490048 ) ) ;
#1340 = CARTESIAN_POINT ( 'NONE',  ( -1.200000000000000178, 0.04999999999999991257, -0.5500000000000007105 ) ) ;
#1341 = VERTEX_POINT ( 'NONE', #1637 ) ;
#1342 = PLANE ( 'NONE',  #768 ) ;
#1343 = DIRECTION ( 'NONE',  ( 0.000000000000000000, 0.000000000000000000, -1.000000000000000000 ) ) ;
#1344 = CARTESIAN_POINT ( 'NONE',  ( -1.400000000000000133, 0.1500000000000036582, 0.9000000000000001332 ) ) ;
#1345 = EDGE_CURVE ( 'NONE', #826, #1525, #383, .T. ) ;
#1346 = ORIENTED_EDGE ( 'NONE', *, *, #735, .T. ) ;
#1347 = CARTESIAN_POINT ( 'NONE',  ( -1.150000000000000133, 0.8499999999999999778, -0.8387579355318529606 ) ) ;
#1348 = LINE ( 'NONE', #1073, #87 ) ;
#1349 = CARTESIAN_POINT ( 'NONE',  ( -1.200000000000000178, 0.1499999999999999944, 0.5500000000000002665 ) ) ;
#1350 = ADVANCED_BREP_SHAPE_REPRESENTATION ( 'SS12LSH', ( #339, #948, #1204, #1790, #873 ), #1647 ) ;
#1351 = CARTESIAN_POINT ( 'NONE',  ( 1.200000000000000178, 0.1499999999999999944, 0.4999999999999997780 ) ) ;
#1352 = CARTESIAN_POINT ( 'NONE',  ( 1.318171782313118712, 0.8500000000000003109, 0.8387579355318530716 ) ) ;
#1353 = EDGE_CURVE ( 'NONE', #149, #295, #400, .T. ) ;
#1354 = ORIENTED_EDGE ( 'NONE', *, *, #374, .F. ) ;
#1355 = DIRECTION ( 'NONE',  ( 1.000000000000000000, 0.000000000000000000, 0.000000000000000000 ) ) ;
#1356 = CARTESIAN_POINT ( 'NONE',  ( -1.850000000000000533, 0.1499999999999999944, 0.5000000000000011102 ) ) ;
#1357 = CARTESIAN_POINT ( 'NONE',  ( -0.000000000000000000, 0.04999999999999991257, 0.4999999999999997780 ) ) ;
#1358 = DIRECTION ( 'NONE',  ( -1.000000000000000000, -0.000000000000000000, -0.000000000000000000 ) ) ;
#1359 = DIRECTION ( 'NONE',  ( -0.08682659386424433634, 0.9924325091389677445, 0.08682659386424433634 ) ) ;
#1360 = VECTOR ( 'NONE', #746, 1000.000000000000000 ) ;
#1361 = VECTOR ( 'NONE', #503, 1000.000000000000000 ) ;
#1362 = ORIENTED_EDGE ( 'NONE', *, *, #1070, .T. ) ;
#1363 = FACE_OUTER_BOUND ( 'NONE', #1646, .T. ) ;
#1364 = LINE ( 'NONE', #807, #396 ) ;
#1365 = ORIENTED_EDGE ( 'NONE', *, *, #899, .T. ) ;
#1366 = CYLINDRICAL_SURFACE ( 'NONE', #644, 0.05000000000000003053 ) ;
#1367 = VECTOR ( 'NONE', #1333, 1000.000000000000000 ) ;
#1368 = ORIENTED_EDGE ( 'NONE', *, *, #429, .F. ) ;
#1369 = DIRECTION ( 'NONE',  ( 0.000000000000000000, 0.000000000000000000, -1.000000000000000000 ) ) ;
#1370 = ADVANCED_FACE ( 'NONE', ( #937 ), #927, .F. ) ;
#1371 = FACE_OUTER_BOUND ( 'NONE', #1425, .T. ) ;
#1372 = DIRECTION ( 'NONE',  ( 0.000000000000000000, 0.000000000000000000, -1.000000000000000000 ) ) ;
#1373 = ORIENTED_EDGE ( 'NONE', *, *, #395, .F. ) ;
#1374 = DIRECTION ( 'NONE',  ( -0.000000000000000000, -1.000000000000000000, -0.000000000000000000 ) ) ;
#1375 = EDGE_LOOP ( 'NONE', ( #1061, #340, #1752, #1786 ) ) ;
#1376 = DIRECTION ( 'NONE',  ( 0.000000000000000000, 0.000000000000000000, 1.000000000000000000 ) ) ;
#1377 =( LENGTH_UNIT ( ) NAMED_UNIT ( * ) SI_UNIT ( .MILLI., .METRE. ) );
#1378 =( BOUNDED_CURVE ( )  B_SPLINE_CURVE ( 3, ( #365, #197, #939, #356 ),
 .UNSPECIFIED., .F., .T. ) 
 B_SPLINE_CURVE_WITH_KNOTS ( ( 4, 4 ),
 ( 6.248643355421942047, 6.259924387645129151 ),
 .UNSPECIFIED. ) 
 CURVE ( )  GEOMETRIC_REPRESENTATION_ITEM ( )  RATIONAL_B_SPLINE_CURVE ( ( 1.000000000000000000, 0.9999893948874488681, 0.9999893948874488681, 1.000000000000000000 ) ) 
 REPRESENTATION_ITEM ( '' )  );
#1379 = EDGE_CURVE ( 'NONE', #402, #887, #1492, .T. ) ;
#1380 = ORIENTED_EDGE ( 'NONE', *, *, #1607, .T. ) ;
#1381 = DIRECTION ( 'NONE',  ( 0.1736481776669274446, 0.9848077530122086864, -0.000000000000000000 ) ) ;
#1382 = SURFACE_SIDE_STYLE ('',( #422 ) ) ;
#1383 = EDGE_LOOP ( 'NONE', ( #540, #124, #1580, #507, #980 ) ) ;
#1384 = CARTESIAN_POINT ( 'NONE',  ( -1.399997865446313883, 0.1499878943444899748, -0.8507574777957029877 ) ) ;
#1385 = LINE ( 'NONE', #1668, #1137 ) ;
#1386 = VECTOR ( 'NONE', #1721, 1000.000000000000000 ) ;
#1387 = VERTEX_POINT ( 'NONE', #1340 ) ;
#1388 =( BOUNDED_CURVE ( )  B_SPLINE_CURVE ( 3, ( #171, #211, #1284, #73 ),
 .UNSPECIFIED., .F., .T. ) 
 B_SPLINE_CURVE_WITH_KNOTS ( ( 4, 4 ),
 ( 3.107050701832136497, 3.118331734055336035 ),
 .UNSPECIFIED. ) 
 CURVE ( )  GEOMETRIC_REPRESENTATION_ITEM ( )  RATIONAL_B_SPLINE_CURVE ( ( 1.000000000000000000, 0.9999893948874488681, 0.9999893948874488681, 1.000000000000000000 ) ) 
 REPRESENTATION_ITEM ( '' )  );
#1389 = ORIENTED_EDGE ( 'NONE', *, *, #398, .F. ) ;
#1390 = MECHANICAL_DESIGN_GEOMETRIC_PRESENTATION_REPRESENTATION (  '', ( #265 ), #291 ) ;
#1391 = ORIENTED_EDGE ( 'NONE', *, *, #1694, .F. ) ;
#1392 = ADVANCED_FACE ( 'NONE', ( #108 ), #799, .T. ) ;
#1393 = VECTOR ( 'NONE', #1520, 1000.000000000000000 ) ;
#1394 = DIRECTION ( 'NONE',  ( -0.1710878697460327114, -0.9702875252478149193, 0.1710878697460327114 ) ) ;
#1395 = VECTOR ( 'NONE', #5, 1000.000000000000000 ) ;
#1396 = FACE_OUTER_BOUND ( 'NONE', #565, .T. ) ;
#1397 = EDGE_CURVE ( 'NONE', #295, #152, #1220, .T. ) ;
#1398 = ORIENTED_EDGE ( 'NONE', *, *, #1092, .F. ) ;
#1399 = ORIENTED_EDGE ( 'NONE', *, *, #53, .F. ) ;
#1400 = ADVANCED_FACE ( 'NONE', ( #1371 ), #1622, .F. ) ;
#1401 = VECTOR ( 'NONE', #37, 1000.000000000000000 ) ;
#1402 = DIRECTION ( 'NONE',  ( -0.000000000000000000, -1.000000000000000000, -0.000000000000000000 ) ) ;
#1403 = EDGE_LOOP ( 'NONE', ( #350, #1451, #874, #537, #13, #121 ) ) ;
#1404 = DIRECTION ( 'NONE',  ( 0.000000000000000000, 0.000000000000000000, 1.000000000000000000 ) ) ;
#1405 = DIRECTION ( 'NONE',  ( -1.000000000000000000, 0.000000000000000000, -0.000000000000000000 ) ) ;
#1406 = ORIENTED_EDGE ( 'NONE', *, *, #146, .T. ) ;
#1407 = CARTESIAN_POINT ( 'NONE',  ( -1.000000000000000222, 0.7999999999999999334, 0.8431323687081492269 ) ) ;
#1408 = AXIS2_PLACEMENT_3D ( 'NONE', #390, #116, #1234 ) ;
#1409 = CARTESIAN_POINT ( 'NONE',  ( -1.000000000000000222, 0.7999999999999999334, 0.8431323687081492269 ) ) ;
#1410 = ORIENTED_EDGE ( 'NONE', *, *, #1133, .F. ) ;
#1411 = LINE ( 'NONE', #1, #1701 ) ;
#1412 = EDGE_CURVE ( 'NONE', #1281, #1443, #664, .T. ) ;
#1413 = VECTOR ( 'NONE', #711, 1000.000000000000000 ) ;
#1414 = CARTESIAN_POINT ( 'NONE',  ( -1.000000000000000222, 0.7999999999999999334, -0.8431323687081491158 ) ) ;
#1415 = VECTOR ( 'NONE', #919, 999.9999999999998863 ) ;
#1416 = ORIENTED_EDGE ( 'NONE', *, *, #187, .T. ) ;
#1417 = CARTESIAN_POINT ( 'NONE',  ( 1.200000000000000178, 0.1499999999999999944, 0.4999999999999997780 ) ) ;
#1418 = EDGE_CURVE ( 'NONE', #1734, #1259, #246, .T. ) ;
#1419 = DIRECTION ( 'NONE',  ( -0.000000000000000000, 1.000000000000000000, 0.000000000000000000 ) ) ;
#1420 = CARTESIAN_POINT ( 'NONE',  ( -1.150000000000000133, 0.7999999999999999334, 0.8431323687081492269 ) ) ;
#1421 = ORIENTED_EDGE ( 'NONE', *, *, #305, .F. ) ;
#1422 = EDGE_CURVE ( 'NONE', #490, #979, #1364, .T. ) ;
#1423 = VECTOR ( 'NONE', #1182, 1000.000000000000000 ) ;
#1424 = VECTOR ( 'NONE', #619, 1000.000000000000000 ) ;
#1425 = EDGE_LOOP ( 'NONE', ( #355, #1438, #232, #34 ) ) ;
#1426 = CARTESIAN_POINT ( 'NONE',  ( -1.400000000000000133, 0.1500000000000036582, -0.8501902650954097362 ) ) ;
#1427 = ORIENTED_EDGE ( 'NONE', *, *, #1529, .T. ) ;
#1428 = ORIENTED_EDGE ( 'NONE', *, *, #452, .T. ) ;
#1429 = PLANE ( 'NONE',  #198 ) ;
#1430 = CARTESIAN_POINT ( 'NONE',  ( -1.400000000000000133, 0.1500000000000036582, 0.9000000000000001332 ) ) ;
#1431 = ORIENTED_EDGE ( 'NONE', *, *, #1681, .T. ) ;
#1432 = DIRECTION ( 'NONE',  ( 1.000000000000000000, 0.000000000000000000, 0.000000000000000000 ) ) ;
#1433 = ORIENTED_EDGE ( 'NONE', *, *, #661, .T. ) ;
#1434 = LINE ( 'NONE', #1571, #1395 ) ;
#1435 = ADVANCED_FACE ( 'NONE', ( #1632 ), #363, .F. ) ;
#1436 = DIRECTION ( 'NONE',  ( 0.000000000000000000, -0.000000000000000000, 1.000000000000000000 ) ) ;
#1437 = CARTESIAN_POINT ( 'NONE',  ( -1.400000000000000133, 0.8499999999999999778, -0.8387579355318529606 ) ) ;
#1438 = ORIENTED_EDGE ( 'NONE', *, *, #79, .F. ) ;
#1439 = DIRECTION ( 'NONE',  ( -0.000000000000000000, -0.000000000000000000, 1.000000000000000000 ) ) ;
#1440 = EDGE_CURVE ( 'NONE', #994, #1638, #867, .T. ) ;
#1441 = CARTESIAN_POINT ( 'NONE',  ( -1.352200930650073074, 0.1668565311582977384, -0.8522009306500728520 ) ) ;
#1442 = LINE ( 'NONE', #740, #1502 ) ;
#1443 = VERTEX_POINT ( 'NONE', #583 ) ;
#1444 = DIRECTION ( 'NONE',  ( 0.000000000000000000, -0.9961946980917458783, -0.08715574274765489071 ) ) ;
#1445 = CARTESIAN_POINT ( 'NONE',  ( -1.850000000000000533, 0.1499999999999999944, -0.5000000000000015543 ) ) ;
#1446 = CARTESIAN_POINT ( 'NONE',  ( 1.399999999999999689, 0.1500000000000036582, 0.9000000000000001332 ) ) ;
#1447 = EDGE_LOOP ( 'NONE', ( #1325, #173, #1507, #406, #922, #1620, #712, #1287 ) ) ;
#1448 = CARTESIAN_POINT ( 'NONE',  ( -1.399997865446313883, 0.1499878943444899748, -0.8507574777957029877 ) ) ;
#1449 = ORIENTED_EDGE ( 'NONE', *, *, #1593, .F. ) ;
#1450 = CARTESIAN_POINT ( 'NONE',  ( 0.2500000000000000000, 0.1499999999999999944, -0.5500000000000007105 ) ) ;
#1451 = ORIENTED_EDGE ( 'NONE', *, *, #15, .F. ) ;
#1452 = STYLED_ITEM ( 'NONE', ( #273 ), #339 ) ;
#1453 = DIRECTION ( 'NONE',  ( -3.336006684570782608E-16, 0.000000000000000000, 1.000000000000000000 ) ) ;
#1454 = DIRECTION ( 'NONE',  ( 0.000000000000000000, 0.08715574274765390539, 0.9961946980917458783 ) ) ;
#1455 = VERTEX_POINT ( 'NONE', #1542 ) ;
#1456 = EDGE_CURVE ( 'NONE', #1638, #1212, #1703, .T. ) ;
#1457 = DIRECTION ( 'NONE',  ( 0.000000000000000000, 0.000000000000000000, 1.000000000000000000 ) ) ;
#1458 = DIRECTION ( 'NONE',  ( 0.08682659386424432246, -0.9924325091389677445, -0.08682659386424433634 ) ) ;
#1459 = EDGE_LOOP ( 'NONE', ( #1533, #1130, #1614, #1575, #51, #318, #586, #862 ) ) ;
#1460 = LINE ( 'NONE', #52, #1480 ) ;
#1461 = FACE_OUTER_BOUND ( 'NONE', #1510, .T. ) ;
#1462 = VERTEX_POINT ( 'NONE', #155 ) ;
#1463 = ORIENTED_EDGE ( 'NONE', *, *, #1345, .T. ) ;
#1464 = DIRECTION ( 'NONE',  ( 0.000000000000000000, 0.9961946980917458783, -0.08715574274765489071 ) ) ;
#1465 = PLANE ( 'NONE',  #405 ) ;
#1466 = EDGE_LOOP ( 'NONE', ( #985, #770, #439, #1102 ) ) ;
#1467 = PLANE ( 'NONE',  #1650 ) ;
#1468 = EDGE_CURVE ( 'NONE', #252, #1098, #1675, .T. ) ;
#1469 = LINE ( 'NONE', #801, #1415 ) ;
#1470 = PLANE ( 'NONE',  #609 ) ;
#1471 = ORIENTED_EDGE ( 'NONE', *, *, #636, .T. ) ;
#1472 = LINE ( 'NONE', #380, #1534 ) ;
#1473 = LINE ( 'NONE', #92, #1500 ) ;
#1474 = CARTESIAN_POINT ( 'NONE',  ( 0.2500000000000000000, 0.1499999999999999944, -0.5500000000000007105 ) ) ;
#1475 = ADVANCED_FACE ( 'NONE', ( #755 ), #1693, .T. ) ;
#1476 = VECTOR ( 'NONE', #667, 1000.000000000000000 ) ;
#1477 = AXIS2_PLACEMENT_3D ( 'NONE', #1441, #1054, #895 ) ;
#1478 = DIRECTION ( 'NONE',  ( -1.000000000000000000, 0.000000000000000000, -3.336006684570782608E-16 ) ) ;
#1479 = CARTESIAN_POINT ( 'NONE',  ( -1.200000000000000178, 0.04999999999999991257, 0.5500000000000002665 ) ) ;
#1480 = VECTOR ( 'NONE', #1444, 999.9999999999998863 ) ;
#1481 = ORIENTED_EDGE ( 'NONE', *, *, #1251, .F. ) ;
#1482 = LINE ( 'NONE', #1621, #498 ) ;
#1483 = DIRECTION ( 'NONE',  ( 0.000000000000000000, 0.000000000000000000, -1.000000000000000000 ) ) ;
#1484 = ORIENTED_EDGE ( 'NONE', *, *, #1694, .T. ) ;
#1485 = CARTESIAN_POINT ( 'NONE',  ( 1.850000000000000089, 0.1499999999999999944, -0.5000000000000000000 ) ) ;
#1486 = DIRECTION ( 'NONE',  ( 1.000000000000000000, 0.000000000000000000, 0.000000000000000000 ) ) ;
#1487 = DIRECTION ( 'NONE',  ( 0.08682659386424433634, 0.9924325091389677445, -0.08682659386424432246 ) ) ;
#1488 = ADVANCED_FACE ( 'NONE', ( #858 ), #734, .T. ) ;
#1489 = VERTEX_POINT ( 'NONE', #462 ) ;
#1490 = EDGE_CURVE ( 'NONE', #252, #1336, #852, .T. ) ;
#1491 = LINE ( 'NONE', #370, #1165 ) ;
#1492 =( BOUNDED_CURVE ( )  B_SPLINE_CURVE ( 3, ( #1493, #673, #946, #1501 ),
 .UNSPECIFIED., .F., .T. ) 
 B_SPLINE_CURVE_WITH_KNOTS ( ( 4, 4 ),
 ( 3.164853573124247976, 3.176134605347443518 ),
 .UNSPECIFIED. ) 
 CURVE ( )  GEOMETRIC_REPRESENTATION_ITEM ( )  RATIONAL_B_SPLINE_CURVE ( ( 1.000000000000000000, 0.9999893948874488681, 0.9999893948874488681, 1.000000000000000000 ) ) 
 REPRESENTATION_ITEM ( '' )  );
#1493 = CARTESIAN_POINT ( 'NONE',  ( -1.400000000000000133, 0.1500000000000036582, -0.8501902650954097362 ) ) ;
#1494 =( NAMED_UNIT ( * ) PLANE_ANGLE_UNIT ( ) SI_UNIT ( $, .RADIAN. ) );
#1495 = ORIENTED_EDGE ( 'NONE', *, *, #1509, .F. ) ;
#1496 = CARTESIAN_POINT ( 'NONE',  ( 1.338757935531852850, 0.8499999999999999778, 0.7889482006272657832 ) ) ;
#1497 = VECTOR ( 'NONE', #1142, 1000.000000000000000 ) ;
#1498 = VERTEX_POINT ( 'NONE', #1267 ) ;
#1499 = EDGE_CURVE ( 'NONE', #1289, #1598, #722, .T. ) ;
#1500 = VECTOR ( 'NONE', #1211, 999.9999999999998863 ) ;
#1501 = CARTESIAN_POINT ( 'NONE',  ( -1.399997865446313883, 0.1499878943444899748, -0.8507574777957029877 ) ) ;
#1502 = VECTOR ( 'NONE', #1588, 1000.000000000000000 ) ;
#1503 = CARTESIAN_POINT ( 'NONE',  ( 1.350378996049866887, 0.1499999999999930556, -0.8999999999999980238 ) ) ;
#1504 = ADVANCED_FACE ( 'NONE', ( #17 ), #1559, .F. ) ;
#1505 = EDGE_LOOP ( 'NONE', ( #1427, #485, #1433, #831, #1193, #1744 ) ) ;
#1506 = VECTOR ( 'NONE', #935, 999.9999999999998863 ) ;
#1507 = ORIENTED_EDGE ( 'NONE', *, *, #1256, .T. ) ;
#1508 = LINE ( 'NONE', #1745, #1506 ) ;
#1509 = EDGE_CURVE ( 'NONE', #990, #1134, #881, .T. ) ;
#1510 = EDGE_LOOP ( 'NONE', ( #1428, #391, #1100, #1243, #317, #1530 ) ) ;
#1511 = SURFACE_STYLE_USAGE ( .BOTH. , #1228 ) ;
#1512 = EDGE_LOOP ( 'NONE', ( #179, #1782, #1318, #1307 ) ) ;
#1513 = ORIENTED_EDGE ( 'NONE', *, *, #1353, .T. ) ;
#1514 = EDGE_CURVE ( 'NONE', #1168, #593, #1684, .T. ) ;
#1515 = CARTESIAN_POINT ( 'NONE',  ( -1.400000000000000133, 0.1500000000000036582, 0.5000000000000011102 ) ) ;
#1516 = EDGE_CURVE ( 'NONE', #1598, #1652, #1008, .T. ) ;
#1517 = VERTEX_POINT ( 'NONE', #438 ) ;
#1518 = CARTESIAN_POINT ( 'NONE',  ( -1.200000000000000178, 0.1499999999999999944, 0.5500000000000002665 ) ) ;
#1519 = EDGE_CURVE ( 'NONE', #981, #1642, #564, .T. ) ;
#1520 = DIRECTION ( 'NONE',  ( 0.000000000000000000, 0.000000000000000000, -1.000000000000000000 ) ) ;
#1521 = ORIENTED_EDGE ( 'NONE', *, *, #921, .F. ) ;
#1522 = VERTEX_POINT ( 'NONE', #999 ) ;
#1523 =( NAMED_UNIT ( * ) PLANE_ANGLE_UNIT ( ) SI_UNIT ( $, .RADIAN. ) );
#1524 = EDGE_CURVE ( 'NONE', #1709, #1212, #1156, .T. ) ;
#1525 = VERTEX_POINT ( 'NONE', #331 ) ;
#1526 = CARTESIAN_POINT ( 'NONE',  ( 1.270241964962212977, -0.2979558609019382631, -0.7702419649622135323 ) ) ;
#1527 = VECTOR ( 'NONE', #1358, 1000.000000000000000 ) ;
#1528 = DIRECTION ( 'NONE',  ( -0.000000000000000000, 0.000000000000000000, 1.000000000000000000 ) ) ;
#1529 = EDGE_CURVE ( 'NONE', #924, #1180, #890, .T. ) ;
#1530 = ORIENTED_EDGE ( 'NONE', *, *, #1514, .F. ) ;
#1531 = ORIENTED_EDGE ( 'NONE', *, *, #966, .F. ) ;
#1532 = CARTESIAN_POINT ( 'NONE',  ( 1.288948200627265450, 0.8499999999999999778, -0.8387579355318529606 ) ) ;
#1533 = ORIENTED_EDGE ( 'NONE', *, *, #100, .F. ) ;
#1534 = VECTOR ( 'NONE', #806, 1000.000000000000000 ) ;
#1535 = CYLINDRICAL_SURFACE ( 'NONE', #519, 0.05000000000000005829 ) ;
#1536 = VECTOR ( 'NONE', #753, 1000.000000000000000 ) ;
#1537 = CARTESIAN_POINT ( 'NONE',  ( -1.850000000000000533, 0.1499999999999999944, 0.5000000000000011102 ) ) ;
#1538 = ORIENTED_EDGE ( 'NONE', *, *, #249, .F. ) ;
#1539 = CARTESIAN_POINT ( 'NONE',  ( 1.200000000000000178, 0.1499999999999999944, -0.5000000000000002220 ) ) ;
#1540 = CARTESIAN_POINT ( 'NONE',  ( 0.000000000000000000, 0.000000000000000000, 0.000000000000000000 ) ) ;
#1541 = EDGE_CURVE ( 'NONE', #1695, #924, #136, .T. ) ;
#1542 = CARTESIAN_POINT ( 'NONE',  ( -1.850000000000000533, 0.000000000000000000, 0.5000000000000011102 ) ) ;
#1543 = VERTEX_POINT ( 'NONE', #7 ) ;
#1544 = DIRECTION ( 'NONE',  ( -1.000000000000000000, -0.000000000000000000, -3.336006684570783101E-16 ) ) ;
#1545 = ORIENTED_EDGE ( 'NONE', *, *, #125, .T. ) ;
#1546 = VERTEX_POINT ( 'NONE', #1051 ) ;
#1547 =( LENGTH_UNIT ( ) NAMED_UNIT ( * ) SI_UNIT ( .MILLI., .METRE. ) );
#1548 = UNCERTAINTY_MEASURE_WITH_UNIT (LENGTH_MEASURE( 1.000000000000000082E-05 ), #1377, 'distance_accuracy_value', 'NONE');
#1549 = CARTESIAN_POINT ( 'NONE',  ( -1.000000000000000222, 0.7999999999999999334, 0.8431323687081492269 ) ) ;
#1550 = DIRECTION ( 'NONE',  ( -1.000000000000000000, -0.000000000000000000, -0.000000000000000000 ) ) ;
#1551 = ADVANCED_FACE ( 'NONE', ( #653 ), #1470, .T. ) ;
#1552 = EDGE_LOOP ( 'NONE', ( #450, #1368, #1798, #1521 ) ) ;
#1553 = CARTESIAN_POINT ( 'NONE',  ( -1.338757935531853516, 0.8499999999999999778, 0.8181717823131188227 ) ) ;
#1554 = EDGE_CURVE ( 'NONE', #1657, #1695, #514, .T. ) ;
#1555 = PLANE ( 'NONE',  #1199 ) ;
#1556 = ORIENTED_EDGE ( 'NONE', *, *, #1345, .F. ) ;
#1557 = LINE ( 'NONE', #1025, #385 ) ;
#1558 = AXIS2_PLACEMENT_3D ( 'NONE', #751, #1718, #354 ) ;
#1559 = PLANE ( 'NONE',  #486 ) ;
#1560 =( BOUNDED_CURVE ( )  B_SPLINE_CURVE ( 3, ( #441, #40, #983, #1003 ),
 .UNSPECIFIED., .F., .F. ) 
 B_SPLINE_CURVE_WITH_KNOTS ( ( 4, 4 ),
 ( 5.501585242055416991, 7.064785372303752808 ),
 .UNSPECIFIED. ) 
 CURVE ( )  GEOMETRIC_REPRESENTATION_ITEM ( )  RATIONAL_B_SPLINE_CURVE ( ( 1.000000000000000000, 0.8065248903853474705, 0.8065248903853474705, 1.000000000000000000 ) ) 
 REPRESENTATION_ITEM ( '' )  );
#1561 = ORIENTED_EDGE ( 'NONE', *, *, #72, .T. ) ;
#1562 = CARTESIAN_POINT ( 'NONE',  ( 1.362148507914762607, 0.04999999999999991257, -0.8823673019291530251 ) ) ;
#1563 = VECTOR ( 'NONE', #630, 1000.000000000000000 ) ;
#1564 = EDGE_LOOP ( 'NONE', ( #604, #1232, #882, #1032 ) ) ;
#1565 = LINE ( 'NONE', #1717, #292 ) ;
#1566 = ADVANCED_FACE ( 'NONE', ( #1305 ), #1042, .F. ) ;
#1567 = VECTOR ( 'NONE', #14, 1000.000000000000000 ) ;
#1568 = FILL_AREA_STYLE ('',( #772 ) ) ;
#1569 = ADVANCED_FACE ( 'NONE', ( #1583 ), #1077, .F. ) ;
#1570 = ORIENTED_EDGE ( 'NONE', *, *, #243, .T. ) ;
#1571 = CARTESIAN_POINT ( 'NONE',  ( -1.382367301929153358, 0.04999999999999991257, -0.000000000000000000 ) ) ;
#1572 = ADVANCED_FACE ( 'NONE', ( #1461 ), #221, .F. ) ;
#1573 = CARTESIAN_POINT ( 'NONE',  ( -1.338757935531853294, 0.8499999999999999778, -0.7889482006272655612 ) ) ;
#1574 = CARTESIAN_POINT ( 'NONE',  ( -1.000000000000000222, 0.7999999999999999334, -0.8431323687081491158 ) ) ;
#1575 = ORIENTED_EDGE ( 'NONE', *, *, #1083, .F. ) ;
#1576 = CARTESIAN_POINT ( 'NONE',  ( -1.000000000000000222, 0.8499999999999999778, 0.8387579355318531826 ) ) ;
#1577 = EDGE_LOOP ( 'NONE', ( #620, #1677, #818, #415 ) ) ;
#1578 = FACE_OUTER_BOUND ( 'NONE', #1689, .T. ) ;
#1579 = CARTESIAN_POINT ( 'NONE',  ( -1.382367301929153358, 0.04999999999999991257, -0.8331269142785427961 ) ) ;
#1580 = ORIENTED_EDGE ( 'NONE', *, *, #249, .T. ) ;
#1581 = DIRECTION ( 'NONE',  ( 1.000000000000000000, 0.000000000000000000, 0.000000000000000000 ) ) ;
#1582 = PLANE ( 'NONE',  #1729 ) ;
#1583 = FACE_OUTER_BOUND ( 'NONE', #699, .T. ) ;
#1584 = ORIENTED_EDGE ( 'NONE', *, *, #1092, .T. ) ;
#1585 = LINE ( 'NONE', #923, #1080 ) ;
#1586 = ORIENTED_EDGE ( 'NONE', *, *, #1778, .T. ) ;
#1587 = CARTESIAN_POINT ( 'NONE',  ( -1.150000000000000133, 0.8499999999999999778, -0.8387579355318529606 ) ) ;
#1588 = DIRECTION ( 'NONE',  ( 1.000000000000000000, 0.000000000000000000, 0.000000000000000000 ) ) ;
#1589 = VERTEX_POINT ( 'NONE', #765 ) ;
#1590 = CARTESIAN_POINT ( 'NONE',  ( -1.200000000000000178, 0.1499999999999999944, 0.5000000000000011102 ) ) ;
#1591 = DIRECTION ( 'NONE',  ( 1.000000000000000000, 0.000000000000000000, 0.000000000000000000 ) ) ;
#1592 = LINE ( 'NONE', #1612, #411 ) ;
#1593 = EDGE_CURVE ( 'NONE', #152, #1462, #200, .T. ) ;
#1594 = ORIENTED_EDGE ( 'NONE', *, *, #1397, .F. ) ;
#1595 = FACE_OUTER_BOUND ( 'NONE', #843, .T. ) ;
#1596 =( GEOMETRIC_REPRESENTATION_CONTEXT ( 3 ) GLOBAL_UNCERTAINTY_ASSIGNED_CONTEXT ( ( #865 ) ) GLOBAL_UNIT_ASSIGNED_CONTEXT ( ( #1117, #1523, #26 ) ) REPRESENTATION_CONTEXT ( 'NONE', 'WORKASPACE' ) );
#1597 = DIRECTION ( 'NONE',  ( 0.000000000000000000, 0.000000000000000000, 1.000000000000000000 ) ) ;
#1598 = VERTEX_POINT ( 'NONE', #639 ) ;
#1599 = CARTESIAN_POINT ( 'NONE',  ( 0.2500000000000000000, 0.000000000000000000, -0.5500000000000007105 ) ) ;
#1600 = VECTOR ( 'NONE', #558, 1000.000000000000000 ) ;
#1601 = LINE ( 'NONE', #250, #1527 ) ;
#1602 = PLANE ( 'NONE',  #379 ) ;
#1603 = EDGE_CURVE ( 'NONE', #1069, #202, #776, .T. ) ;
#1604 = EDGE_LOOP ( 'NONE', ( #736, #442, #1391, #458 ) ) ;
#1605 = FACE_OUTER_BOUND ( 'NONE', #592, .T. ) ;
#1606 = DIRECTION ( 'NONE',  ( 0.1710878697460327669, -0.9702875252478150303, 0.1710878697460327391 ) ) ;
#1607 = EDGE_CURVE ( 'NONE', #1489, #532, #1202, .T. ) ;
#1608 = CARTESIAN_POINT ( 'NONE',  ( 1.200000000000000178, 0.1499999999999999944, -0.5000000000000002220 ) ) ;
#1609 = VERTEX_POINT ( 'NONE', #1178 ) ;
#1610 = CARTESIAN_POINT ( 'NONE',  ( -1.150000000000000133, 0.7999999999999999334, 0.9000000000000001332 ) ) ;
#1611 = LINE ( 'NONE', #367, #1104 ) ;
#1612 = CARTESIAN_POINT ( 'NONE',  ( -1.382367301929153358, 0.04999999999999991257, -0.000000000000000000 ) ) ;
#1613 = ORIENTED_EDGE ( 'NONE', *, *, #687, .T. ) ;
#1614 = ORIENTED_EDGE ( 'NONE', *, *, #1711, .F. ) ;
#1615 = DIRECTION ( 'NONE',  ( 0.000000000000000000, -0.000000000000000000, -1.000000000000000000 ) ) ;
#1616 = CARTESIAN_POINT ( 'NONE',  ( -1.200000000000000178, 0.1499999999999999944, 0.5000000000000011102 ) ) ;
#1617 = DIRECTION ( 'NONE',  ( 0.000000000000000000, 0.000000000000000000, -1.000000000000000000 ) ) ;
#1618 = LINE ( 'NONE', #930, #343 ) ;
#1619 = LINE ( 'NONE', #1750, #1200 ) ;
#1620 = ORIENTED_EDGE ( 'NONE', *, *, #879, .F. ) ;
#1621 = CARTESIAN_POINT ( 'NONE',  ( 1.200000000000000178, 0.1499999999999999944, -0.5000000000000002220 ) ) ;
#1622 = PLANE ( 'NONE',  #12 ) ;
#1623 = EDGE_CURVE ( 'NONE', #1657, #1281, #1619, .T. ) ;
#1624 = DIRECTION ( 'NONE',  ( 0.000000000000000000, -1.000000000000000000, 0.000000000000000000 ) ) ;
#1625 = AXIS2_PLACEMENT_3D ( 'NONE', #1760, #1085, #1800 ) ;
#1626 = VECTOR ( 'NONE', #1654, 1000.000000000000000 ) ;
#1627 = DIRECTION ( 'NONE',  ( -0.000000000000000000, -0.000000000000000000, -1.000000000000000000 ) ) ;
#1628 = CARTESIAN_POINT ( 'NONE',  ( 1.399999999999999689, 0.1500000000000036582, -0.5000000000000001110 ) ) ;
#1629 = VECTOR ( 'NONE', #1617, 1000.000000000000000 ) ;
#1630 = ORIENTED_EDGE ( 'NONE', *, *, #726, .T. ) ;
#1631 = PLANE ( 'NONE',  #381 ) ;
#1632 = FACE_OUTER_BOUND ( 'NONE', #1272, .T. ) ;
#1633 =( BOUNDED_CURVE ( )  B_SPLINE_CURVE ( 3, ( #1011, #1553, #1666, #869 ),
 .UNSPECIFIED., .F., .F. ) 
 B_SPLINE_CURVE_WITH_KNOTS ( ( 4, 4 ),
 ( 5.501585242055416991, 7.064785372303755473 ),
 .UNSPECIFIED. ) 
 CURVE ( )  GEOMETRIC_REPRESENTATION_ITEM ( )  RATIONAL_B_SPLINE_CURVE ( ( 1.000000000000000000, 0.8065248903853469153, 0.8065248903853469153, 1.000000000000000000 ) ) 
 REPRESENTATION_ITEM ( '' )  );
#1634 = LINE ( 'NONE', #1787, #233 ) ;
#1635 = ORIENTED_EDGE ( 'NONE', *, *, #1150, .F. ) ;
#1636 = DIRECTION ( 'NONE',  ( 0.000000000000000000, -1.000000000000000000, 0.000000000000000000 ) ) ;
#1637 = CARTESIAN_POINT ( 'NONE',  ( 1.200000000000000178, 0.04999999999999991257, -0.5000000000000002220 ) ) ;
#1638 = VERTEX_POINT ( 'NONE', #338 ) ;
#1639 = FACE_OUTER_BOUND ( 'NONE', #1459, .T. ) ;
#1640 = EDGE_CURVE ( 'NONE', #724, #1338, #97, .T. ) ;
#1641 = VECTOR ( 'NONE', #1591, 1000.000000000000000 ) ;
#1642 = VERTEX_POINT ( 'NONE', #376 ) ;
#1643 = DIRECTION ( 'NONE',  ( 0.000000000000000000, 0.000000000000000000, -1.000000000000000000 ) ) ;
#1644 = EDGE_CURVE ( 'NONE', #1336, #1122, #910, .T. ) ;
#1645 = FILL_AREA_STYLE ('',( #665 ) ) ;
#1646 = EDGE_LOOP ( 'NONE', ( #1696, #1105, #260, #850, #928, #325, #729, #1239, #468, #675, #1143, #977, #276, #728, #185, #1714, #1205, #420, #59, #853 ) ) ;
#1647 =( GEOMETRIC_REPRESENTATION_CONTEXT ( 3 ) GLOBAL_UNCERTAINTY_ASSIGNED_CONTEXT ( ( #744 ) ) GLOBAL_UNIT_ASSIGNED_CONTEXT ( ( #1547, #997, #144 ) ) REPRESENTATION_CONTEXT ( 'NONE', 'WORKASPACE' ) );
#1648 = DIRECTION ( 'NONE',  ( -1.000000000000000000, -0.000000000000000000, -0.000000000000000000 ) ) ;
#1649 = VECTOR ( 'NONE', #518, 999.9999999999998863 ) ;
#1650 = AXIS2_PLACEMENT_3D ( 'NONE', #1176, #605, #898 ) ;
#1651 = EDGE_CURVE ( 'NONE', #490, #1289, #1592, .T. ) ;
#1652 = VERTEX_POINT ( 'NONE', #1479 ) ;
#1653 = CARTESIAN_POINT ( 'NONE',  ( -1.382367301929153358, 0.04999999999999991257, 0.8621485079147629405 ) ) ;
#1654 = DIRECTION ( 'NONE',  ( -1.000000000000000000, 0.000000000000000000, 0.000000000000000000 ) ) ;
#1655 = ADVANCED_FACE ( 'NONE', ( #241 ), #931, .T. ) ;
#1656 = EDGE_LOOP ( 'NONE', ( #868, #1449, #1594, #82 ) ) ;
#1657 = VERTEX_POINT ( 'NONE', #230 ) ;
#1658 = PLANE ( 'NONE',  #20 ) ;
#1659 = EDGE_LOOP ( 'NONE', ( #1253, #1410, #777, #443, #694, #623, #791, #1354 ) ) ;
#1660 = DIRECTION ( 'NONE',  ( 0.000000000000000000, 0.000000000000000000, -1.000000000000000000 ) ) ;
#1661 = DIRECTION ( 'NONE',  ( -1.000000000000000000, 0.000000000000000000, 0.000000000000000000 ) ) ;
#1662 = ORIENTED_EDGE ( 'NONE', *, *, #829, .T. ) ;
#1663 = LINE ( 'NONE', #763, #1629 ) ;
#1664 = CARTESIAN_POINT ( 'NONE',  ( 1.338757935531852850, 0.8499999999999999778, -0.8181717823131186007 ) ) ;
#1665 = EDGE_LOOP ( 'NONE', ( #455, #587, #1545, #902 ) ) ;
#1666 = CARTESIAN_POINT ( 'NONE',  ( -1.318171782313118934, 0.8499999999999999778, 0.8387579355318534047 ) ) ;
#1667 = VECTOR ( 'NONE', #1093, 1000.000000000000000 ) ;
#1668 = CARTESIAN_POINT ( 'NONE',  ( 0.2500000000000000000, 0.1499999999999999944, -0.5500000000000007105 ) ) ;
#1669 = ADVANCED_FACE ( 'NONE', ( #1713 ), #1602, .F. ) ;
#1670 = EDGE_LOOP ( 'NONE', ( #164, #961, #1803, #223 ) ) ;
#1671 = LINE ( 'NONE', #290, #207 ) ;
#1672 = SHAPE_DEFINITION_REPRESENTATION ( #1170, #1350 ) ;
#1673 =( BOUNDED_CURVE ( )  B_SPLINE_CURVE ( 3, ( #267, #1352, #522, #1496 ),
 .UNSPECIFIED., .F., .T. ) 
 B_SPLINE_CURVE_WITH_KNOTS ( ( 4, 4 ),
 ( 2.359992588465628760, 3.923192718713959692 ),
 .UNSPECIFIED. ) 
 CURVE ( )  GEOMETRIC_REPRESENTATION_ITEM ( )  RATIONAL_B_SPLINE_CURVE ( ( 1.000000000000000000, 0.8065248903853486917, 0.8065248903853486917, 1.000000000000000000 ) ) 
 REPRESENTATION_ITEM ( '' )  );
#1674 = DIRECTION ( 'NONE',  ( -1.000000000000000000, -0.000000000000000000, -0.000000000000000000 ) ) ;
#1675 = LINE ( 'NONE', #293, #3 ) ;
#1676 = VECTOR ( 'NONE', #1188, 1000.000000000000000 ) ;
#1677 = ORIENTED_EDGE ( 'NONE', *, *, #1793, .F. ) ;
#1678 = VECTOR ( 'NONE', #846, 1000.000000000000000 ) ;
#1679 = CARTESIAN_POINT ( 'NONE',  ( 0.000000000000000000, 0.8499999999999999778, 0.000000000000000000 ) ) ;
#1680 = CARTESIAN_POINT ( 'NONE',  ( -1.200000000000000178, 0.04999999999999991257, -0.000000000000000000 ) ) ;
#1681 = EDGE_CURVE ( 'NONE', #812, #1004, #1733, .T. ) ;
#1682 = ORIENTED_EDGE ( 'NONE', *, *, #313, .F. ) ;
#1683 = CARTESIAN_POINT ( 'NONE',  ( 1.399997865446313661, 0.1499878943444906132, 0.8507574777957036538 ) ) ;
#1684 = LINE ( 'NONE', #1430, #1360 ) ;
#1685 =( BOUNDED_CURVE ( )  B_SPLINE_CURVE ( 3, ( #580, #1690, #1139, #1683 ),
 .UNSPECIFIED., .F., .T. ) 
 B_SPLINE_CURVE_WITH_KNOTS ( ( 4, 4 ),
 ( 0.02326091953445916932, 0.03454195175766325981 ),
 .UNSPECIFIED. ) 
 CURVE ( )  GEOMETRIC_REPRESENTATION_ITEM ( )  RATIONAL_B_SPLINE_CURVE ( ( 1.000000000000000000, 0.9999893948874488681, 0.9999893948874488681, 1.000000000000000000 ) ) 
 REPRESENTATION_ITEM ( '' )  );
#1686 = ORIENTED_EDGE ( 'NONE', *, *, #146, .F. ) ;
#1687 = EDGE_CURVE ( 'NONE', #1108, #1657, #1673, .T. ) ;
#1688 = DIRECTION ( 'NONE',  ( 1.000000000000000000, 0.000000000000000000, 0.000000000000000000 ) ) ;
#1689 = EDGE_LOOP ( 'NONE', ( #1052, #413, #1171, #662 ) ) ;
#1690 = CARTESIAN_POINT ( 'NONE',  ( 1.399999999999998357, 0.1499999999999937217, 0.8503789960498674416 ) ) ;
#1691 = SURFACE_SIDE_STYLE ('',( #588 ) ) ;
#1692 = DIRECTION ( 'NONE',  ( -1.000000000000000000, 0.000000000000000000, 0.000000000000000000 ) ) ;
#1693 = PLANE ( 'NONE',  #854 ) ;
#1694 = EDGE_CURVE ( 'NONE', #1522, #1443, #128, .T. ) ;
#1695 = VERTEX_POINT ( 'NONE', #690 ) ;
#1696 = ORIENTED_EDGE ( 'NONE', *, *, #1603, .T. ) ;
#1697 = FACE_OUTER_BOUND ( 'NONE', #820, .T. ) ;
#1698 = CARTESIAN_POINT ( 'NONE',  ( -1.400000000000000133, 0.1500000000000036582, 0.9000000000000001332 ) ) ;
#1699 = ORIENTED_EDGE ( 'NONE', *, *, #374, .T. ) ;
#1700 = PLANE ( 'NONE',  #1087 ) ;
#1701 = VECTOR ( 'NONE', #1544, 1000.000000000000000 ) ;
#1702 =( NAMED_UNIT ( * ) SI_UNIT ( $, .STERADIAN. ) SOLID_ANGLE_UNIT ( ) );
#1703 = LINE ( 'NONE', #1420, #803 ) ;
#1704 = EDGE_LOOP ( 'NONE', ( #561, #1570, #1380, #613 ) ) ;
#1705 = CARTESIAN_POINT ( 'NONE',  ( -1.200000000000000178, 0.1499999999999999944, -0.5500000000000007105 ) ) ;
#1706 = COLOUR_RGB ( '',0.7921568627450980005, 0.8196078431372548767, 0.9333333333333333481 ) ;
#1707 = LINE ( 'NONE', #1587, #698 ) ;
#1708 = DIRECTION ( 'NONE',  ( -0.08682659386424432246, 0.9924325091389677445, -0.08682659386424433634 ) ) ;
#1709 = VERTEX_POINT ( 'NONE', #802 ) ;
#1710 = LINE ( 'NONE', #491, #1114 ) ;
#1711 = EDGE_CURVE ( 'NONE', #168, #628, #387, .T. ) ;
#1712 = CARTESIAN_POINT ( 'NONE',  ( -1.200000000000000178, 0.1499999999999999944, -0.5500000000000007105 ) ) ;
#1713 = FACE_OUTER_BOUND ( 'NONE', #610, .T. ) ;
#1714 = ORIENTED_EDGE ( 'NONE', *, *, #1101, .T. ) ;
#1715 = DIRECTION ( 'NONE',  ( -0.1710878697460327391, -0.9702875252478150303, 0.1710878697460327669 ) ) ;
#1716 = ORIENTED_EDGE ( 'NONE', *, *, #137, .T. ) ;
#1717 = CARTESIAN_POINT ( 'NONE',  ( -1.000000000000000222, 0.8499999999999999778, 0.8387579355318531826 ) ) ;
#1718 = DIRECTION ( 'NONE',  ( -0.000000000000000000, 1.000000000000000000, 0.000000000000000000 ) ) ;
#1719 = ORIENTED_EDGE ( 'NONE', *, *, #1101, .F. ) ;
#1720 = FACE_OUTER_BOUND ( 'NONE', #275, .T. ) ;
#1721 = DIRECTION ( 'NONE',  ( 0.000000000000000000, 0.000000000000000000, 1.000000000000000000 ) ) ;
#1722 = CARTESIAN_POINT ( 'NONE',  ( 0.000000000000000000, 0.04999999999999991257, 0.8823673019291532471 ) ) ;
#1723 = VERTEX_POINT ( 'NONE', #660 ) ;
#1724 = CARTESIAN_POINT ( 'NONE',  ( 1.382367301929152914, 0.04999999999999992645, -0.8331269142785426851 ) ) ;
#1725 = DIRECTION ( 'NONE',  ( 0.000000000000000000, 0.9961946980917458783, 0.08715574274765489071 ) ) ;
#1726 = DIRECTION ( 'NONE',  ( 1.000000000000000000, 0.000000000000000000, -0.000000000000000000 ) ) ;
#1727 = ORIENTED_EDGE ( 'NONE', *, *, #167, .T. ) ;
#1728 = CARTESIAN_POINT ( 'NONE',  ( -1.200000000000000178, 0.1499999999999999944, 0.5000000000000011102 ) ) ;
#1729 = AXIS2_PLACEMENT_3D ( 'NONE', #348, #1453, #1315 ) ;
#1730 = EDGE_CURVE ( 'NONE', #419, #724, #1109, .T. ) ;
#1731 = VECTOR ( 'NONE', #978, 999.9999999999998863 ) ;
#1732 = CARTESIAN_POINT ( 'NONE',  ( 0.000000000000000000, 0.7999999999999999334, 0.8431323687081492269 ) ) ;
#1733 = LINE ( 'NONE', #627, #1476 ) ;
#1734 = VERTEX_POINT ( 'NONE', #1628 ) ;
#1735 = FACE_OUTER_BOUND ( 'NONE', #176, .T. ) ;
#1736 = LINE ( 'NONE', #499, #608 ) ;
#1737 = CARTESIAN_POINT ( 'NONE',  ( -1.333126914278542907, 0.04999999999999991257, -0.8823673019291530251 ) ) ;
#1738 = VERTEX_POINT ( 'NONE', #1515 ) ;
#1739 = DIRECTION ( 'NONE',  ( 0.000000000000000000, 0.000000000000000000, -1.000000000000000000 ) ) ;
#1740 = AXIS2_PLACEMENT_3D ( 'NONE', #533, #656, #679 ) ;
#1741 = CARTESIAN_POINT ( 'NONE',  ( 0.2500000000000000000, 0.1499999999999999944, -0.5500000000000007105 ) ) ;
#1742 = DIRECTION ( 'NONE',  ( 1.000000000000000000, 0.000000000000000000, -0.000000000000000000 ) ) ;
#1743 = ORIENTED_EDGE ( 'NONE', *, *, #88, .F. ) ;
#1744 = ORIENTED_EDGE ( 'NONE', *, *, #1541, .T. ) ;
#1745 = CARTESIAN_POINT ( 'NONE',  ( -1.400000000000000133, 0.1500000000000036582, 0.5000000000000011102 ) ) ;
#1746 =( BOUNDED_CURVE ( )  B_SPLINE_CURVE ( 3, ( #327, #750, #1160, #224 ),
 .UNSPECIFIED., .F., .T. ) 
 B_SPLINE_CURVE_WITH_KNOTS ( ( 4, 4 ),
 ( 6.248643355421931389, 6.259924387645127375 ),
 .UNSPECIFIED. ) 
 CURVE ( )  GEOMETRIC_REPRESENTATION_ITEM ( )  RATIONAL_B_SPLINE_CURVE ( ( 1.000000000000000000, 0.9999893948874488681, 0.9999893948874488681, 1.000000000000000000 ) ) 
 REPRESENTATION_ITEM ( '' )  );
#1747 = DIRECTION ( 'NONE',  ( 0.000000000000000000, 0.000000000000000000, 1.000000000000000000 ) ) ;
#1748 = LINE ( 'NONE', #191, #995 ) ;
#1749 = CARTESIAN_POINT ( 'NONE',  ( 1.200000000000000178, 0.000000000000000000, -0.5000000000000002220 ) ) ;
#1750 = CARTESIAN_POINT ( 'NONE',  ( 1.332810167549707048, 0.9179832991206189341, 0.7830004326451197594 ) ) ;
#1751 = EDGE_CURVE ( 'NONE', #1341, #209, #120, .T. ) ;
#1752 = ORIENTED_EDGE ( 'NONE', *, *, #1490, .F. ) ;
#1753 = CARTESIAN_POINT ( 'NONE',  ( -1.000000000000000222, 0.8499999999999999778, 0.8387579355318531826 ) ) ;
#1754 = EDGE_CURVE ( 'NONE', #812, #168, #1250, .T. ) ;
#1755 = CARTESIAN_POINT ( 'NONE',  ( -1.200000000000000178, 0.1499999999999999944, 0.5500000000000002665 ) ) ;
#1756 = DIRECTION ( 'NONE',  ( 0.000000000000000000, 0.9961946980917455452, 0.08715574274765772178 ) ) ;
#1757 = ADVANCED_FACE ( 'NONE', ( #257 ), #684, .T. ) ;
#1758 = VECTOR ( 'NONE', #1478, 1000.000000000000000 ) ;
#1759 = LINE ( 'NONE', #520, #1189 ) ;
#1760 = CARTESIAN_POINT ( 'NONE',  ( 0.000000000000000000, 0.8499999999999999778, -0.8387579355318529606 ) ) ;
#1761 = PRESENTATION_LAYER_ASSIGNMENT (  '', '', ( #963 ) ) ;
#1762 = VERTEX_POINT ( 'NONE', #414 ) ;
#1763 = CARTESIAN_POINT ( 'NONE',  ( -1.000000000000000222, 0.8499999999999999778, -0.8387579355318529606 ) ) ;
#1764 = DIRECTION ( 'NONE',  ( 0.000000000000000000, 0.000000000000000000, -1.000000000000000000 ) ) ;
#1765 = ORIENTED_EDGE ( 'NONE', *, *, #715, .T. ) ;
#1766 = DIRECTION ( 'NONE',  ( 1.000000000000000000, 0.000000000000000000, 0.000000000000000000 ) ) ;
#1767 = PRESENTATION_LAYER_ASSIGNMENT (  '', '', ( #265 ) ) ;
#1768 = VECTOR ( 'NONE', #432, 999.9999999999998863 ) ;
#1769 = ADVANCED_FACE ( 'NONE', ( #1639 ), #404, .F. ) ;
#1770 = CARTESIAN_POINT ( 'NONE',  ( 1.333126914278542241, 0.04999999999999991257, 0.8823673019291532471 ) ) ;
#1771 = DIRECTION ( 'NONE',  ( -0.000000000000000000, 0.000000000000000000, 1.000000000000000000 ) ) ;
#1772 = VECTOR ( 'NONE', #710, 1000.000000000000000 ) ;
#1773 = VERTEX_POINT ( 'NONE', #1094 ) ;
#1774 = DIRECTION ( 'NONE',  ( 0.000000000000000000, -1.000000000000000000, 0.000000000000000000 ) ) ;
#1775 = VECTOR ( 'NONE', #493, 1000.000000000000000 ) ;
#1776 = CARTESIAN_POINT ( 'NONE',  ( -1.150000000000000133, 0.7999999999999999334, -0.8431323687081491158 ) ) ;
#1777 = CARTESIAN_POINT ( 'NONE',  ( -1.000000000000000222, 0.7999999999999999334, -0.8431323687081491158 ) ) ;
#1778 = EDGE_CURVE ( 'NONE', #1723, #1134, #1634, .T. ) ;
#1779 = ORIENTED_EDGE ( 'NONE', *, *, #47, .T. ) ;
#1780 = SURFACE_STYLE_FILL_AREA ( #1238 ) ;
#1781 = ADVANCED_FACE ( 'NONE', ( #1244 ), #1366, .T. ) ;
#1782 = ORIENTED_EDGE ( 'NONE', *, *, #1070, .F. ) ;
#1783 = CARTESIAN_POINT ( 'NONE',  ( 0.000000000000000000, 0.04999999999999991257, 0.000000000000000000 ) ) ;
#1784 = DIRECTION ( 'NONE',  ( 0.000000000000000000, 0.000000000000000000, -1.000000000000000000 ) ) ;
#1785 = LINE ( 'NONE', #543, #1626 ) ;
#1786 = ORIENTED_EDGE ( 'NONE', *, *, #1468, .T. ) ;
#1787 = CARTESIAN_POINT ( 'NONE',  ( -1.332810167549707492, 0.9179832991206189341, 0.7830004326451197594 ) ) ;
#1788 = ADVANCED_FACE ( 'NONE', ( #1230 ), #835, .T. ) ;
#1789 = FACE_OUTER_BOUND ( 'NONE', #1237, .T. ) ;
#1790 = MANIFOLD_SOLID_BREP ( 'Boss-Extrude3', #878 ) ;
#1791 = PRESENTATION_LAYER_ASSIGNMENT (  '', '', ( #545 ) ) ;
#1792 = ORIENTED_EDGE ( 'NONE', *, *, #780, .F. ) ;
#1793 = EDGE_CURVE ( 'NONE', #532, #1546, #957, .T. ) ;
#1794 = CARTESIAN_POINT ( 'NONE',  ( -1.333126914278542907, 0.04999999999999991257, 0.8823673019291532471 ) ) ;
#1795 = VECTOR ( 'NONE', #65, 1000.000000000000000 ) ;
#1796 = FACE_OUTER_BOUND ( 'NONE', #1665, .T. ) ;
#1797 = ADVANCED_FACE ( 'NONE', ( #154 ), #1274, .T. ) ;
#1798 = ORIENTED_EDGE ( 'NONE', *, *, #836, .F. ) ;
#1799 = AXIS2_PLACEMENT_3D ( 'NONE', #349, #1167, #1454 ) ;
#1800 = DIRECTION ( 'NONE',  ( 1.000000000000000000, 0.000000000000000000, 0.000000000000000000 ) ) ;
#1801 = AXIS2_PLACEMENT_3D ( 'NONE', #449, #1528, #577 ) ;
#1802 = VECTOR ( 'NONE', #329, 1000.000000000000000 ) ;
#1803 = ORIENTED_EDGE ( 'NONE', *, *, #72, .F. ) ;
ENDSEC;
END-ISO-10303-21;
